date,close,volume,open,high,low
3/26/2019,1184.62,1894639,1198.53,1202.83,1176.72
3/25/2019,1193,1493841,1196.93,1206.3975,1187.04
3/22/2019,1205.5,1668910,1226.32,1230,1202.825
3/21/2019,1231.54,1195899,1216,1231.79,1213.15
3/20/2019,1223.97,2089367,1197.35,1227.14,1196.17
3/19/2019,1198.85,1404863,1188.81,1200,1185.87
3/18/2019,1184.26,1212506,1183.3,1190,1177.4211
3/15/2019,1184.46,2457597,1193.38,1196.57,1182.61
3/14/2019,1185.55,1150950,1194.51,1197.88,1184.48
3/13/2019,1193.32,1434816,1200.645,1200.93,1191.94
3/12/2019,1193.2,2012306,1178.26,1200,1178.26
3/11/2019,1175.76,1569332,1144.45,1176.19,1144.45
3/8/2019,1142.32,1212271,1126.73,1147.08,1123.3
3/7/2019,1143.3,1166076,1155.72,1156.755,1134.91
3/6/2019,1157.86,1094100,1162.49,1167.5658,1155.49
3/5/2019,1162.03,1422357,1150.06,1169.61,1146.195
3/4/2019,1147.8,1444774,1146.99,1158.2804,1130.69
3/1/2019,1140.99,1447454,1124.9,1142.97,1124.75
2/28/2019,1119.92,1541068,1111.3,1127.65,1111.01
2/27/2019,1116.05,968362,1106.95,1117.98,1101
2/26/2019,1115.13,1469761,1105.75,1119.51,1099.92
2/25/2019,1109.4,1395281,1116,1118.54,1107.27
2/22/2019,1110.37,1048361,1100.9,1111.24,1095.6
2/21/2019,1096.97,1414744,1110.84,1111.94,1092.52
2/20/2019,1113.8,1080144,1119.99,1123.41,1105.28
2/19/2019,1118.56,1046315,1110,1121.89,1110
2/15/2019,1113.65,1442461,1130.08,1131.67,1110.65
2/14/2019,1121.67,941678,1118.05,1128.23,1110.445
2/13/2019,1120.16,1048630,1124.99,1134.73,1118.5
2/12/2019,1121.37,1608658,1106.8,1125.295,1105.85
2/11/2019,1095.01,1063825,1096.95,1105.945,1092.86
2/8/2019,1095.06,1072031,1087,1098.91,1086.55
2/7/2019,1098.71,2040615,1104.16,1104.84,1086
2/6/2019,1115.23,2101674,1139.57,1147,1112.77
2/5/2019,1145.99,3529974,1124.84,1146.85,1117.248
2/4/2019,1132.8,2518184,1112.66,1132.8,1109.02
2/1/2019,1110.75,1455609,1112.4,1125,1104.89
1/31/2019,1116.37,1531463,1103,1117.33,1095.41
1/30/2019,1089.06,1241760,1068.43,1091,1066.85
1/29/2019,1060.62,1006731,1072.68,1075.15,1055.8647
1/28/2019,1070.08,1277745,1080.11,1083,1063.8
1/25/2019,1090.99,1114785,1085,1094,1081.82
1/24/2019,1073.9,1317718,1076.48,1079.475,1060.7
1/23/2019,1075.57,956526,1077.35,1084.93,1059.75
1/22/2019,1070.52,1607398,1088,1091.51,1063.47
1/18/2019,1098.26,1933754,1100,1108.352,1090.9
1/17/2019,1089.9,1223674,1079.47,1091.8,1073.5
1/16/2019,1080.97,1320530,1080,1092.375,1079.34
1/15/2019,1077.15,1452238,1050.17,1080.05,1047.34
1/14/2019,1044.69,1127417,1046.92,1051.53,1041.255
1/11/2019,1057.19,1512651,1063.18,1063.775,1048.48
1/10/2019,1070.33,1444976,1067.66,1071.15,1057.71
1/9/2019,1074.66,1198369,1081.65,1082.63,1066.4
1/8/2019,1076.28,1748371,1076.11,1084.56,1060.53
1/7/2019,1068.39,1978077,1071.5,1073.9999,1054.76
1/4/2019,1070.71,2080144,1032.59,1070.84,1027.4179
1/3/2019,1016.06,1829379,1041,1056.98,1014.07
1/2/2019,1045.85,1516681,1016.57,1052.32,1015.71
12/31/2018,1035.61,1492541,1050.96,1052.7,1023.59
12/28/2018,1037.08,1399218,1049.62,1055.56,1033.1
12/27/2018,1043.88,2102069,1017.15,1043.89,997
12/26/2018,1039.46,2337212,989.01,1040,983
12/24/2018,976.22,1590328,973.9,1003.54,970.11
12/21/2018,979.54,4560424,1015.3,1024.02,973.69
12/20/2018,1009.41,2659047,1018.13,1034.22,996.36
12/19/2018,1023.01,2419322,1033.99,1062,1008.05
12/18/2018,1028.71,2101854,1026.09,1049.48,1021.44
12/17/2018,1016.53,2337631,1037.51,1053.15,1007.9
12/14/2018,1042.1,1685802,1049.98,1062.6,1040.79
12/13/2018,1061.9,1329198,1068.07,1079.7597,1053.93
12/12/2018,1063.68,1523276,1068,1081.65,1062.79
12/11/2018,1051.75,1354751,1056.49,1060.6,1039.84
12/10/2018,1039.55,1793465,1035.05,1048.45,1023.29
12/7/2018,1036.58,2098526,1060.01,1075.26,1028.5
12/6/2018,1068.73,2758098,1034.26,1071.2,1030.7701
12/4/2018,1050.82,2278200,1103.12,1104.42,1049.98
12/3/2018,1106.43,1900355,1123.14,1124.65,1103.6645
11/30/2018,1094.43,2554416,1089.07,1095.57,1077.88
11/29/2018,1088.3,1403540,1076.08,1094.245,1076
11/28/2018,1086.23,2399374,1048.76,1086.84,1035.76
11/27/2018,1044.41,1801334,1041,1057.58,1038.49
11/26/2018,1048.62,1846430,1038.35,1049.31,1033.91
11/23/2018,1023.88,691462,1030,1037.59,1022.3992
11/21/2018,1037.61,1531676,1036.76,1048.56,1033.47
11/20/2018,1025.76,2447254,1000,1031.74,996.02
11/19/2018,1020,1837207,1057.2,1060.79,1016.2601
11/16/2018,1061.49,1641232,1059.41,1067,1048.98
11/15/2018,1064.71,1819132,1044.71,1071.85,1031.78
11/14/2018,1043.66,1561656,1050,1054.5643,1031
11/13/2018,1036.05,1496534,1043.29,1056.605,1031.15
11/12/2018,1038.63,1429319,1061.39,1062.12,1031
11/9/2018,1066.15,1343154,1073.99,1075.56,1053.11
11/8/2018,1082.4,1463022,1091.38,1093.27,1072.2048
11/7/2018,1093.39,2057155,1069,1095.46,1065.9
11/6/2018,1055.81,1225197,1039.48,1064.345,1038.07
11/5/2018,1040.09,2436742,1055,1058.47,1021.24
11/2/2018,1057.79,1829295,1073.73,1082.975,1054.61
11/1/2018,1070,1456222,1075.8,1083.975,1062.46
10/31/2018,1076.77,2528584,1059.81,1091.94,1057
10/30/2018,1036.21,3209126,1008.46,1037.49,1000.75
10/29/2018,1020.08,3873644,1082.47,1097.04,995.83
10/26/2018,1071.47,4185201,1037.03,1106.53,1034.09
10/25/2018,1095.57,2511884,1071.79,1110.98,1069.55
10/24/2018,1050.71,1910060,1104.25,1106.12,1048.74
10/23/2018,1103.69,1847798,1080.89,1107.89,1070
10/22/2018,1101.16,1494285,1103.06,1112.23,1091
10/19/2018,1096.46,1264605,1093.37,1110.36,1087.75
10/18/2018,1087.97,2056606,1121.84,1121.84,1077.09
10/17/2018,1115.69,1397613,1126.46,1128.99,1102.19
10/16/2018,1121.28,1845491,1104.59,1124.22,1102.5
10/15/2018,1092.25,1343231,1108.91,1113.4464,1089
10/12/2018,1110.08,2029872,1108,1115,1086.402
10/11/2018,1079.32,2939514,1072.94,1106.4,1068.27
10/10/2018,1081.22,2574985,1131.08,1132.17,1081.13
10/9/2018,1138.82,1308706,1146.15,1154.35,1137.572
10/8/2018,1148.97,1877142,1150.11,1168,1127.3636
10/5/2018,1157.35,1184245,1167.5,1173.4999,1145.12
10/4/2018,1168.19,2151762,1195.33,1197.51,1155.576
10/3/2018,1202.95,1207280,1205,1206.41,1193.83
10/2/2018,1200.11,1655602,1190.96,1209.96,1186.63
10/1/2018,1195.31,1345250,1199.89,1209.9,1190.3
9/28/2018,1193.47,1306822,1191.87,1195.41,1184.5
9/27/2018,1194.64,1244278,1186.73,1202.1,1183.63
9/26/2018,1180.49,1346434,1185.15,1194.23,1174.765
9/25/2018,1184.65,937577,1176.15,1186.88,1168
9/24/2018,1173.37,1218532,1157.17,1178,1146.91
9/21/2018,1166.09,4363929,1192,1192.21,1166.04
9/20/2018,1186.87,1209855,1179.99,1189.89,1173.36
9/19/2018,1171.09,1185321,1164.98,1173.21,1154.58
9/18/2018,1161.22,1184407,1157.09,1176.08,1157.09
9/17/2018,1156.05,1279147,1170.14,1177.24,1154.03
9/14/2018,1172.53,934300,1179.1,1180.425,1168.3295
9/13/2018,1175.33,1402005,1170.74,1178.61,1162.85
9/12/2018,1162.82,1291304,1172.72,1178.61,1158.36
9/11/2018,1177.36,1209171,1161.63,1178.68,1156.24
9/10/2018,1164.64,1115259,1172.19,1174.54,1160.11
9/7/2018,1164.83,1401034,1158.67,1175.26,1157.215
9/6/2018,1171.44,1886690,1186.3,1186.3,1152
9/5/2018,1186.48,2043732,1193.8,1199.0096,1162
9/4/2018,1197,1800509,1204.27,1212.99,1192.5
8/31/2018,1218.19,1812366,1234.98,1238.66,1211.2854
8/30/2018,1239.12,1320261,1244.23,1253.635,1232.59
8/29/2018,1249.3,1295939,1237.45,1250.66,1236.3588
8/28/2018,1231.15,1296532,1241.29,1242.545,1228.69
8/27/2018,1241.82,1154962,1227.6,1243.09,1225.716
8/24/2018,1220.65,946529,1208.82,1221.65,1206.3588
8/23/2018,1205.38,988509,1207.14,1221.28,1204.24
8/22/2018,1207.33,881463,1200,1211.84,1199
8/21/2018,1201.62,1187884,1208,1217.26,1200.3537
8/20/2018,1207.77,864462,1205.02,1211,1194.6264
8/17/2018,1200.96,1381724,1202.03,1209.02,1188.24
8/16/2018,1206.49,1319985,1224.73,1225.9999,1202.55
8/15/2018,1214.38,1815642,1229.26,1235.24,1209.51
8/14/2018,1242.1,1342534,1235.19,1245.8695,1225.11
8/13/2018,1235.01,957153,1236.98,1249.2728,1233.6405
8/10/2018,1237.61,1107323,1243,1245.695,1232
8/9/2018,1249.1,805227,1249.9,1255.542,1246.01
8/8/2018,1245.61,1369650,1240.47,1256.5,1238.0083
8/7/2018,1242.22,1493073,1237,1251.17,1236.17
8/6/2018,1224.77,1080923,1225,1226.0876,1215.7965
8/3/2018,1223.71,1072524,1229.62,1230,1215.06
8/2/2018,1226.15,1520488,1205.9,1229.88,1204.79
8/1/2018,1220.01,1567142,1228,1233.47,1210.21
7/31/2018,1217.26,1632823,1220.01,1227.5877,1205.6
7/30/2018,1219.74,1822782,1228.01,1234.916,1211.47
7/27/2018,1238.5,2115802,1271,1273.89,1231
7/26/2018,1268.33,2334881,1251,1269.7707,1249.02
7/25/2018,1263.7,2115890,1239.13,1265.86,1239.13
7/24/2018,1248.08,3303268,1262.59,1266,1235.56
7/23/2018,1205.5,2584034,1181.01,1206.49,1181
7/20/2018,1184.91,1246898,1186.96,1196.86,1184.22
7/19/2018,1186.96,1256113,1191,1200,1183.32
7/18/2018,1195.88,1391232,1196.56,1204.5,1190.34
7/17/2018,1198.8,1585091,1172.22,1203.04,1170.6
7/16/2018,1183.86,1049560,1189.39,1191,1179.28
7/13/2018,1188.82,1221687,1185,1195.4173,1180
7/12/2018,1183.48,1251083,1159.89,1184.41,1155.935
7/11/2018,1153.9,1094301,1144.59,1164.29,1141.0003
7/10/2018,1152.84,789249,1156.98,1159.59,1149.59
7/9/2018,1154.05,906073,1148.48,1154.67,1143.42
7/6/2018,1140.17,966155,1123.58,1140.93,1120.7371
7/5/2018,1124.27,1060752,1110.53,1127.5,1108.48
7/3/2018,1102.89,679034,1135.82,1135.82,1100.02
7/2/2018,1127.46,1188616,1099,1128,1093.8
6/29/2018,1115.65,1275979,1120,1128.2265,1115
6/28/2018,1114.22,1072438,1102.09,1122.31,1096.01
6/27/2018,1103.98,1287698,1121.34,1131.8362,1103.62
6/26/2018,1118.46,1559791,1128,1133.21,1116.6589
6/25/2018,1124.81,2155276,1143.6,1143.91,1112.78
6/22/2018,1155.48,1310164,1159.14,1162.4965,1147.26
6/21/2018,1157.66,1232352,1174.85,1177.295,1152.232
6/20/2018,1169.84,1648248,1175.31,1186.2856,1169.16
6/19/2018,1168.06,1616125,1158.5,1171.27,1154.01
6/18/2018,1173.46,1400641,1143.65,1174.31,1143.59
6/15/2018,1152.26,2119134,1148.86,1153.42,1143.485
6/14/2018,1152.12,1350085,1143.85,1155.47,1140.64
6/13/2018,1134.79,1490017,1141.12,1146.5,1133.38
6/12/2018,1139.32,899231,1131.07,1139.79,1130.735
6/11/2018,1129.99,1071114,1118.6,1137.26,1118.6
6/8/2018,1120.87,1289859,1118.18,1126.67,1112.15
6/7/2018,1123.86,1519860,1131.32,1135.82,1116.52
6/6/2018,1136.88,1697489,1142.17,1143,1125.7429
6/5/2018,1139.66,1538169,1140.99,1145.738,1133.19
6/4/2018,1139.29,1881046,1122.33,1141.89,1122.005
6/1/2018,1119.5,2416755,1099.35,1120,1098.5
5/31/2018,1084.99,3085325,1067.56,1097.19,1067.56
5/30/2018,1067.8,1129958,1063.03,1069.21,1056.83
5/29/2018,1060.32,1858676,1064.89,1073.37,1055.22
5/25/2018,1075.66,878903,1079.02,1082.56,1073.775
5/24/2018,1079.24,757752,1079,1080.47,1066.15
5/23/2018,1079.69,1057712,1065.13,1080.78,1061.71
5/22/2018,1069.73,1088700,1083.56,1086.59,1066.69
5/21/2018,1079.58,1012258,1074.06,1088,1073.65
5/18/2018,1066.36,1496448,1061.86,1069.94,1060.68
5/17/2018,1078.59,1031190,1079.89,1086.87,1073.5
5/16/2018,1081.77,989819,1077.31,1089.27,1076.26
5/15/2018,1079.23,1494306,1090,1090.05,1073.47
5/14/2018,1100.2,1450140,1100,1110.75,1099.11
5/11/2018,1098.26,1253205,1093.6,1101.3295,1090.91
5/10/2018,1097.57,1441456,1086.03,1100.44,1085.64
5/9/2018,1082.76,2032319,1058.1,1085.44,1056.365
5/8/2018,1053.91,1217260,1058.54,1060.55,1047.145
5/7/2018,1054.79,1464008,1049.23,1061.68,1047.1
5/4/2018,1048.21,1936797,1016.9,1048.51,1016.9
5/3/2018,1023.72,1813623,1019,1029.675,1006.29
5/2/2018,1024.38,1534094,1028.1,1040.389,1022.87
5/1/2018,1037.31,1427171,1013.66,1038.47,1008.21
4/30/2018,1017.33,1664084,1030.01,1037,1016.85
4/27/2018,1030.05,1617452,1046,1049.5,1025.59
4/26/2018,1040.04,1984448,1029.51,1047.98,1018.19
4/25/2018,1021.18,2225495,1025.52,1032.49,1015.31
4/24/2018,1019.98,4750851,1052,1057,1010.59
4/23/2018,1067.45,2278846,1077.86,1082.72,1060.7
4/20/2018,1072.96,1887698,1082,1092.35,1069.57
4/19/2018,1087.7,1741907,1069.4,1094.165,1068.18
4/18/2018,1072.08,1336678,1077.43,1077.43,1066.225
4/17/2018,1074.16,2311903,1051.37,1077.88,1048.26
4/16/2018,1037.98,1194144,1037,1043.24,1026.74
4/13/2018,1029.27,1175754,1040.88,1046.42,1022.98
4/12/2018,1032.51,1357599,1025.04,1040.69,1021.4347
4/11/2018,1019.97,1476133,1027.99,1031.3641,1015.87
4/10/2018,1031.64,1983510,1026.44,1036.28,1011.34
4/9/2018,1015.45,1738682,1016.8,1039.6,1014.08
4/6/2018,1007.04,1740896,1020,1031.42,1003.03
4/5/2018,1027.81,1345681,1041.33,1042.79,1020.1311
4/4/2018,1025.14,2464418,993.41,1028.7175,993
4/3/2018,1013.41,2271858,1013.91,1020.99,994.07
4/2/2018,1006.47,2679214,1022.82,1034.8,990.37
3/29/2018,1031.79,2714402,1011.63,1043,1002.9
3/28/2018,1004.56,3345046,998,1024.23,980.64
3/27/2018,1005.1,3081612,1063,1064.8393,996.92
3/26/2018,1053.21,2593808,1046,1055.63,1008.4
3/23/2018,1021.57,2147097,1047.03,1063.36,1021.22
3/22/2018,1049.08,2584639,1081.88,1082.9,1045.91
3/21/2018,1090.88,1878294,1092.74,1106.2999,1085.15
3/20/2018,1097.71,1802209,1099,1105.2,1083.46
3/19/2018,1099.82,2355186,1120.01,1121.99,1089.01
3/16/2018,1135.73,2614871,1154.14,1155.88,1131.96
3/15/2018,1149.58,1397767,1149.96,1161.08,1134.54
3/14/2018,1149.49,1290638,1145.21,1158.59,1141.44
3/13/2018,1138.17,1874176,1170,1176.76,1133.33
3/12/2018,1164.5,2106548,1163.85,1177.05,1157.42
3/9/2018,1160.04,2121425,1136,1160.8,1132.4606
3/8/2018,1126,1393529,1115.32,1127.6,1112.8
3/7/2018,1109.64,1277439,1089.19,1112.22,1085.4823
3/6/2018,1095.06,1497087,1099.22,1101.85,1089.775
3/5/2018,1090.93,1141932,1075.14,1097.1,1069.0001
3/2/2018,1078.92,2271394,1053.08,1081.9986,1048.115
3/1/2018,1069.52,2511872,1107.87,1110.12,1067.001
2/28/2018,1104.73,1873737,1123.03,1127.53,1103.24
2/27/2018,1118.29,1772866,1141.24,1144.04,1118
2/26/2018,1143.75,1514920,1127.8,1143.96,1126.695
2/23/2018,1126.79,1190432,1112.64,1127.28,1104.7135
2/22/2018,1106.63,1309536,1116.19,1122.82,1102.59
2/21/2018,1111.34,1507152,1106.47,1133.97,1106.33
2/20/2018,1102.46,1389491,1090.57,1113.95,1088.52
2/16/2018,1094.8,1680283,1088.41,1104.67,1088.3134
2/15/2018,1089.52,1785552,1079.07,1091.4794,1064.34
2/14/2018,1069.7,1547665,1048.95,1071.72,1046.75
2/13/2018,1052.1,1213800,1045,1058.37,1044.0872
2/12/2018,1051.94,2054002,1048,1061.5,1040.928
2/9/2018,1037.78,3503970,1017.25,1043.97,992.56
2/8/2018,1001.52,2809890,1055.41,1058.62,1000.66
2/7/2018,1048.58,2353003,1081.54,1081.78,1048.26
2/6/2018,1080.6,3432313,1027.18,1081.71,1023.1367
2/5/2018,1055.8,3769453,1090.6,1110,1052.03
2/2/2018,1111.9,4837979,1122,1123.07,1107.2779
2/1/2018,1167.7,2380221,1162.61,1174,1157.52
1/31/2018,1169.94,1523820,1170.57,1173,1159.13
1/30/2018,1163.69,1541771,1167.83,1176.52,1163.52
1/29/2018,1175.58,1337324,1176.48,1186.89,1171.98
1/26/2018,1175.84,1981173,1175.08,1175.84,1158.11
1/25/2018,1170.37,1461518,1172.53,1175.94,1162.76
1/24/2018,1164.24,1382904,1177.33,1179.86,1161.05
1/23/2018,1169.97,1309862,1159.85,1171.6266,1158.75
1/22/2018,1155.81,1616120,1137.49,1159.88,1135.1101
1/19/2018,1137.51,1390118,1131.83,1137.86,1128.3
1/18/2018,1129.79,1194943,1131.41,1132.51,1117.5
1/17/2018,1131.98,1200476,1126.22,1132.6,1117.01
1/16/2018,1121.76,1566662,1132.51,1139.91,1117.8316
1/12/2018,1122.26,1718491,1102.41,1124.29,1101.15
1/11/2018,1105.52,977727,1106.3,1106.525,1099.59
1/10/2018,1102.61,1042273,1097.1,1104.6,1096.11
1/9/2018,1106.26,900089,1109.4,1110.57,1101.2307
1/8/2018,1106.94,1046767,1102.23,1111.27,1101.62
1/5/2018,1102.23,1279990,1094,1104.25,1092
1/4/2018,1086.4,1002945,1088,1093.5699,1084.0017
1/3/2018,1082.48,1429757,1064.31,1086.29,1063.21
1/2/2018,1065,1236401,1048.34,1066.94,1045.23
12/29/2017,1046.4,886845,1046.72,1049.7,1044.9
12/28/2017,1048.14,833011,1051.6,1054.75,1044.77
12/27/2017,1049.37,1271780,1057.39,1058.37,1048.05
12/26/2017,1056.74,761097,1058.07,1060.12,1050.2
12/22/2017,1060.12,755089,1061.11,1064.2,1059.44
12/21/2017,1063.63,986548,1064.95,1069.33,1061.7938
12/20/2017,1064.95,1268285,1071.78,1073.38,1061.52
12/19/2017,1070.68,1307894,1075.2,1076.84,1063.55
12/18/2017,1077.14,1552016,1066.08,1078.49,1062
12/15/2017,1064.19,3275091,1054.61,1067.62,1049.5
12/14/2017,1049.15,1558684,1045,1058.5,1043.11
12/13/2017,1040.61,1220364,1046.12,1046.665,1038.38
12/12/2017,1040.48,1279511,1039.63,1050.31,1033.6897
12/11/2017,1041.1,1190527,1035.5,1043.8,1032.0504
12/8/2017,1037.05,1288419,1037.49,1042.05,1032.5222
12/7/2017,1030.93,1458145,1020.43,1034.24,1018.071
12/6/2017,1018.38,1258496,1001.5,1024.97,1001.14
12/5/2017,1005.15,2066247,995.94,1020.61,988.28
12/4/2017,998.68,1906058,1012.66,1016.1,995.57
12/1/2017,1010.17,1908962,1015.8,1022.4897,1002.02
11/30/2017,1021.41,1723003,1022.37,1028.4899,1015
11/29/2017,1021.66,2442974,1042.68,1044.08,1015.65
11/28/2017,1047.41,1421027,1055.09,1062.375,1040
11/27/2017,1054.21,1307471,1040,1055.46,1038.44
11/24/2017,1040.61,536996,1035.87,1043.178,1035
11/22/2017,1035.96,746351,1035,1039.706,1031.43
11/21/2017,1034.49,1096161,1023.31,1035.11,1022.655
11/20/2017,1018.38,898389,1020.26,1022.61,1017.5
11/17/2017,1019.09,1366936,1034.01,1034.42,1017.75
11/16/2017,1032.5,1129424,1022.52,1035.92,1022.52
11/15/2017,1020.91,847932,1019.21,1024.09,1015.42
11/14/2017,1026,958708,1022.59,1026.81,1014.15
11/13/2017,1025.75,885565,1023.42,1031.58,1022.57
11/10/2017,1028.07,720674,1026.46,1030.76,1025.28
11/9/2017,1031.26,1244701,1033.99,1033.99,1019.6656
11/8/2017,1039.85,1088395,1030.52,1043.522,1028.45
11/7/2017,1033.33,1112123,1027.27,1033.97,1025.13
11/6/2017,1025.9,1124757,1028.99,1034.87,1025
11/3/2017,1032.48,1075134,1022.11,1032.65,1020.31
11/2/2017,1025.58,1048584,1021.76,1028.09,1013.01
11/1/2017,1025.5,1371619,1017.21,1029.67,1016.95
10/31/2017,1016.64,1331265,1015.22,1024,1010.42
10/30/2017,1017.11,2083490,1014,1024.97,1007.5
10/27/2017,1019.27,5165922,1009.19,1048.39,1008.2
10/26/2017,972.56,2027218,980,987.6,972.2
10/25/2017,973.33,1210368,968.37,976.09,960.5201
10/24/2017,970.54,1206074,970,972.23,961
10/23/2017,968.45,1471544,989.52,989.52,966.12
10/20/2017,988.2,1176177,989.44,991,984.58
10/19/2017,984.45,1312706,986,988.88,978.39
10/18/2017,992.81,1057285,991.77,996.72,986.9747
10/17/2017,992.18,1290152,990.29,996.44,988.59
10/16/2017,992,910246,992.1,993.9065,984
10/13/2017,989.68,1169584,992,997.21,989
10/12/2017,987.83,1278357,987.45,994.12,985
10/11/2017,989.25,1692843,973.72,990.71,972.25
10/10/2017,972.6,968113,980,981.57,966.0801
10/9/2017,977,890620,980,985.425,976.11
10/6/2017,978.89,1146207,966.7,979.46,963.36
10/5/2017,969.96,1210427,955.49,970.91,955.18
10/4/2017,951.68,951766,957,960.39,950.69
10/3/2017,957.79,888303,954,958,949.14
10/2/2017,953.27,1282850,959.98,962.54,947.84
9/29/2017,959.11,1576365,952,959.7864,951.51
9/28/2017,949.5,997036,941.36,950.69,940.55
9/27/2017,944.49,2237538,927.74,949.9,927.74
9/26/2017,924.86,1666749,923.72,930.82,921.14
9/25/2017,920.97,1855742,925.45,926.4,909.7
9/22/2017,928.53,1052170,927.75,934.73,926.48
9/21/2017,932.45,1227059,933,936.53,923.83
9/20/2017,931.58,1535626,922.98,933.88,922
9/19/2017,921.81,912967,917.42,922.4199,912.55
9/18/2017,915,1300759,920.01,922.08,910.6
9/15/2017,920.29,2499466,924.66,926.49,916.36
9/14/2017,925.11,1395497,931.25,932.77,924
9/13/2017,935.09,1101145,930.66,937.25,929.86
9/12/2017,932.07,1133638,932.59,933.48,923.861
9/11/2017,929.08,1266020,934.25,938.38,926.92
9/8/2017,926.5,997699,936.49,936.99,924.88
9/7/2017,935.95,1211472,931.73,936.41,923.62
9/6/2017,927.81,1526209,930.15,930.915,919.27
9/5/2017,928.45,1346791,933.08,937,921.96
9/1/2017,937.34,943657,941.13,942.48,935.15
8/31/2017,939.33,1566888,931.76,941.98,931.76
8/30/2017,929.57,1300616,920.05,930.819,919.65
8/29/2017,921.29,1181391,905.1,923.33,905
8/28/2017,913.81,1085014,916,919.245,911.87
8/25/2017,915.89,1052764,923.49,925.555,915.5
8/24/2017,921.28,1266191,928.66,930.84,915.5
8/23/2017,927,1088575,921.93,929.93,919.36
8/22/2017,924.69,1166320,912.72,925.86,911.4751
8/21/2017,906.66,942328,910,913,903.4
8/18/2017,910.67,1341990,910.31,915.275,907.1543
8/17/2017,910.98,1241782,925.78,926.86,910.98
8/16/2017,926.96,1005261,925.29,932.7,923.445
8/15/2017,922.22,882479,924.23,926.5499,919.82
8/14/2017,922.67,1063404,922.53,924.668,918.19
8/11/2017,914.39,1205652,907.97,917.78,905.58
8/10/2017,907.24,1755521,917.55,919.26,906.13
8/9/2017,922.9,1191332,920.61,925.98,917.2501
8/8/2017,926.79,1057351,927.09,935.814,925.6095
8/7/2017,929.36,1031710,929.06,931.7,926.5
8/4/2017,927.96,1081814,926.75,930.3068,923.03
8/3/2017,923.65,1201519,930.34,932.24,922.24
8/2/2017,930.39,1822272,928.61,932.6,916.68
8/1/2017,930.83,1234612,932.38,937.447,929.26
7/31/2017,930.5,1964748,941.89,943.59,926.04
7/28/2017,941.53,1802343,929.4,943.83,927.5
7/27/2017,934.09,3128819,951.78,951.78,920
7/26/2017,947.8,2069349,954.68,955,942.2788
7/25/2017,950.7,4656609,953.81,959.7,945.4
7/24/2017,980.34,3205374,972.22,986.2,970.77
7/21/2017,972.92,1697190,962.25,973.23,960.15
7/20/2017,968.15,1620636,975,975.9,961.51
7/19/2017,970.89,1221155,967.84,973.04,964.03
7/18/2017,965.4,1152741,953,968.04,950.6
7/17/2017,953.42,1164141,957,960.74,949.2407
7/14/2017,955.99,1052855,952,956.91,948.005
7/13/2017,947.16,1294674,946.29,954.45,943.01
7/12/2017,943.83,1517168,938.68,946.3,934.47
7/11/2017,930.09,1112417,929.54,931.43,922
7/10/2017,928.8,1190237,921.77,930.38,919.59
7/7/2017,918.59,1590456,908.85,921.54,908.85
7/6/2017,906.69,1424290,904.12,914.9444,899.7
7/5/2017,911.71,1813309,901.76,914.51,898.5
7/3/2017,898.7,1710373,912.18,913.94,894.79
6/30/2017,908.73,2086340,926.05,926.05,908.31
6/29/2017,917.79,3287991,929.92,931.26,910.62
6/28/2017,940.49,2719213,929,942.75,916
6/27/2017,927.33,2566047,942.46,948.29,926.85
6/26/2017,952.27,1596664,969.9,973.31,950.79
6/23/2017,965.59,1527513,956.83,966,954.2
6/22/2017,957.09,941639,958.7,960.72,954.55
6/21/2017,959.45,1201971,953.64,960.1,950.76
6/20/2017,950.63,1125520,957.52,961.62,950.01
6/19/2017,957.37,1520715,949.96,959.99,949.05
6/16/2017,939.78,3061794,940,942.04,931.595
6/15/2017,942.31,2065271,933.97,943.339,924.44
6/14/2017,950.76,1487378,959.92,961.15,942.25
6/13/2017,953.4,2012980,951.91,959.98,944.09
6/12/2017,942.9,3762434,939.56,949.355,915.2328
6/9/2017,949.83,3305545,984.5,984.5,935.63
6/8/2017,983.41,1477151,982.35,984.57,977.2
6/7/2017,981.08,1447172,979.65,984.15,975.77
6/6/2017,976.57,1814323,983.16,988.25,975.14
6/5/2017,983.68,1251903,976.55,986.91,975.1
6/2/2017,975.6,1750723,969.46,975.88,966
6/1/2017,966.95,1408958,968.95,971.5,960.01
5/31/2017,964.86,2447176,975.02,979.27,960.18
5/30/2017,975.88,1466288,970.31,976.2,969.49
5/26/2017,971.47,1251425,969.7,974.98,965.03
5/25/2017,969.54,1659422,957.33,972.629,955.47
5/24/2017,954.96,1031408,952.98,955.09,949.5
5/23/2017,948.82,1269438,947.92,951.4666,942.575
5/22/2017,941.86,1118456,935,941.8828,935
5/19/2017,934.01,1389848,931.47,937.755,931
5/18/2017,930.24,1596058,921,933.17,918.75
5/17/2017,919.62,2357922,935.67,939.3325,918.14
5/16/2017,943,968288,940,943.11,937.58
5/15/2017,937.08,1104595,932.95,938.25,929.34
5/12/2017,932.22,1050377,931.53,933.44,927.85
5/11/2017,930.6,834997,925.32,932.53,923.0301
5/10/2017,928.78,1173887,931.98,932,925.16
5/9/2017,932.17,1581236,936.95,937.5,929.53
5/8/2017,934.3,1328885,926.12,936.925,925.26
5/5/2017,927.13,1910317,933.54,934.9,925.2
5/4/2017,931.66,1421938,926.07,935.93,924.59
5/3/2017,927.04,1497565,914.86,928.1,912.5426
5/2/2017,916.44,1543696,909.62,920.77,909.4526
5/1/2017,912.57,2114629,901.94,915.68,901.45
4/28/2017,905.96,3223850,910.66,916.85,905.77
4/27/2017,874.25,2009509,873.6,875.4,870.38
4/26/2017,871.73,1233724,874.23,876.05,867.7481
4/25/2017,872.3,1670095,865,875,862.81
4/24/2017,862.76,1371722,851.2,863.45,849.86
4/21/2017,843.19,1323364,842.88,843.88,840.6
4/20/2017,841.65,957994,841.44,845.2,839.32
4/19/2017,838.21,954324,839.79,842.22,836.29
4/18/2017,836.82,835433,834.22,838.93,832.71
4/17/2017,837.17,894540,825.01,837.75,824.47
4/13/2017,823.56,1118221,822.14,826.38,821.44
4/12/2017,824.32,900059,821.93,826.66,821.02
4/11/2017,823.35,1078951,824.71,827.4267,817.0201
4/10/2017,824.73,978825,825.39,829.35,823.77
4/7/2017,824.67,1056692,827.96,828.485,820.5127
4/6/2017,827.88,1254235,832.4,836.39,826.46
4/5/2017,831.41,1553163,835.51,842.45,830.72
4/4/2017,834.57,1044455,831.36,835.18,829.0363
4/3/2017,838.55,1670349,829.22,840.85,829.22
3/31/2017,829.56,1401756,828.97,831.64,827.39
3/30/2017,831.5,1055263,833.5,833.68,829
3/29/2017,831.41,1785006,825,832.765,822.3801
3/28/2017,820.92,1620532,820.41,825.99,814.027
3/27/2017,819.51,1894735,806.95,821.63,803.37
3/24/2017,814.43,1980415,820.08,821.93,808.89
3/23/2017,817.58,3485390,821,822.57,812.257
3/22/2017,829.59,1399409,831.91,835.55,827.1801
3/21/2017,830.46,2461375,851.4,853.5,829.02
3/20/2017,848.4,1217560,850.01,850.22,845.15
3/17/2017,852.12,1712397,851.61,853.4,847.11
3/16/2017,848.78,977384,849.03,850.85,846.13
3/15/2017,847.2,1381328,847.59,848.63,840.77
3/14/2017,845.62,779920,843.64,847.24,840.8
3/13/2017,845.54,1149928,844,848.685,843.25
3/10/2017,843.25,1702731,843.28,844.91,839.5
3/9/2017,838.68,1261393,836,842,834.21
3/8/2017,835.37,988900,833.51,838.15,831.79
3/7/2017,831.91,1037573,827.4,833.41,826.52
3/6/2017,827.78,1108799,826.95,828.88,822.4
3/3/2017,829.08,890640,830.56,831.36,825.751
3/2/2017,830.63,937824,833.85,834.51,829.64
3/1/2017,835.24,1495934,828.85,836.255,827.26
2/28/2017,823.21,2258695,825.61,828.54,820.2
2/27/2017,829.28,1101120,824.55,830.5,824
2/24/2017,828.64,1392039,827.73,829,824.2
2/23/2017,831.33,1471342,830.12,832.46,822.88
2/22/2017,830.76,983058,828.66,833.25,828.64
2/21/2017,831.66,1259841,828.66,833.45,828.35
2/17/2017,828.07,1602549,823.02,828.07,821.655
2/16/2017,824.16,1285919,819.93,824.4,818.98
2/15/2017,818.98,1311316,819.36,823,818.47
2/14/2017,820.45,1054472,819,823,816
2/13/2017,819.24,1205835,816,820.959,815.49
2/10/2017,813.67,1134701,811.7,815.25,809.78
2/9/2017,809.56,990260,809.51,810.66,804.54
2/8/2017,808.38,1155892,807,811.84,803.1903
2/7/2017,806.97,1240257,803.99,810.5,801.78
2/6/2017,801.34,1182882,799.7,801.67,795.2501
2/3/2017,801.49,1461217,802.99,806,800.37
2/2/2017,798.53,1530827,793.8,802.7,792
2/1/2017,795.695,2027708,799.68,801.19,791.19
1/31/2017,796.79,2153957,796.86,801.25,790.52
1/30/2017,802.32,3243568,814.66,815.84,799.8
1/27/2017,823.31,2964989,834.71,841.95,820.44
1/26/2017,832.15,2944642,837.81,838,827.01
1/25/2017,835.67,1612854,829.62,835.77,825.06
1/24/2017,823.87,1472228,822.3,825.9,817.821
1/23/2017,819.31,1962506,807.25,820.87,803.74
1/20/2017,805.02,1668638,806.91,806.91,801.69
1/19/2017,802.175,917085,805.12,809.48,801.8
1/18/2017,806.07,1293893,805.81,806.205,800.99
1/17/2017,804.61,1361935,807.08,807.14,800.37
1/13/2017,807.88,1098154,807.48,811.2244,806.69
1/12/2017,806.36,1352872,807.14,807.39,799.17
1/11/2017,807.91,1065360,805,808.15,801.37
1/10/2017,804.79,1176637,807.86,809.1299,803.51
1/9/2017,806.65,1274318,806.4,809.9664,802.83
1/6/2017,806.15,1639246,795.26,807.9,792.2041
1/5/2017,794.02,1334028,786.08,794.48,785.02
1/4/2017,786.9,1071198,788.36,791.34,783.16
1/3/2017,786.14,1657291,778.81,789.63,775.8
12/30/2016,771.82,1769809,782.75,782.78,770.41
12/29/2016,782.79,743808,783.33,785.93,778.92
12/28/2016,785.05,1142148,793.7,794.23,783.2
12/27/2016,791.55,789151,790.68,797.86,787.657
12/23/2016,789.91,623682,790.9,792.74,787.28
12/22/2016,791.26,972147,792.36,793.32,788.58
12/21/2016,794.56,1208770,795.84,796.6757,787.1
12/20/2016,796.42,950345,796.76,798.65,793.27
12/19/2016,794.2,1231966,790.22,797.66,786.27
12/16/2016,790.8,2435100,800.4,800.8558,790.29
12/15/2016,797.85,1623709,797.34,803,792.92
12/14/2016,797.07,1700875,797.4,804,794.01
12/13/2016,796.1,2122735,793.9,804.3799,793.34
12/12/2016,789.27,2102288,785.04,791.25,784.3554
12/9/2016,789.29,1821146,780,789.43,779.021
12/8/2016,776.42,1487517,772.48,778.18,767.23
12/7/2016,771.19,1757710,761,771.36,755.8
12/6/2016,759.11,1690365,764.73,768.83,757.34
12/5/2016,762.52,1393566,757.71,763.9,752.9
12/2/2016,750.5,1452181,744.59,754,743.1
12/1/2016,747.92,3017001,757.44,759.85,737.0245
11/30/2016,758.04,2386628,770.07,772.99,754.83
11/29/2016,770.84,1616427,771.53,778.5,768.24
11/28/2016,768.24,2177039,760,779.53,759.8
11/25/2016,761.68,587421,764.26,765,760.52
11/23/2016,760.99,1477501,767.73,768.2825,755.25
11/22/2016,768.27,1592372,772.63,776.96,767
11/21/2016,769.2,1324431,762.61,769.7,760.6
11/18/2016,760.54,1528555,771.37,775,760
11/17/2016,771.23,1298484,766.92,772.7,764.23
11/16/2016,764.48,1468196,755.2,766.36,750.51
11/15/2016,758.49,2375056,746.97,764.4162,746.97
11/14/2016,736.08,3644965,755.6,757.85,727.54
11/11/2016,754.02,2421889,756.54,760.78,750.38
11/10/2016,762.56,4733916,791.17,791.17,752.18
11/9/2016,785.31,2603860,779.94,791.2265,771.67
11/8/2016,790.51,1361472,783.4,795.633,780.19
11/7/2016,782.52,1574426,774.5,785.19,772.55
11/4/2016,762.02,2131948,750.66,770.36,750.5611
11/3/2016,762.13,1933937,767.25,769.95,759.03
11/2/2016,768.7,1905814,778.2,781.65,763.4496
11/1/2016,783.61,2404898,782.89,789.49,775.54
10/31/2016,784.54,2420892,795.47,796.86,784
10/28/2016,795.37,4261912,808.35,815.49,793.59
10/27/2016,795.35,2723097,801,803.49,791.5
10/26/2016,799.07,1645403,806.34,806.98,796.32
10/25/2016,807.67,1575020,816.68,816.68,805.14
10/24/2016,813.11,1693162,804.9,815.18,804.82
10/21/2016,799.37,1262042,795,799.5,794
10/20/2016,796.97,1755546,803.3,803.97,796.03
10/19/2016,801.56,1762990,798.86,804.63,797.635
10/18/2016,795.26,2046338,787.85,801.61,785.565
10/17/2016,779.96,1091524,779.8,785.85,777.5
10/14/2016,778.53,851512,781.65,783.95,776
10/13/2016,778.19,1360619,781.22,781.22,773
10/12/2016,786.14,935138,783.76,788.13,782.06
10/11/2016,783.07,1371461,786.66,792.28,780.58
10/10/2016,785.94,1161410,777.71,789.38,775.87
10/7/2016,775.08,932444,779.66,779.66,770.75
10/6/2016,776.86,1066910,779,780.48,775.54
10/5/2016,776.47,1457661,779.31,782.07,775.65
10/4/2016,776.43,1198361,776.03,778.71,772.89
10/3/2016,772.56,1276614,774.25,776.065,769.5
9/30/2016,777.29,1583293,776.33,780.94,774.09
9/29/2016,775.01,1310252,781.44,785.8,774.232
9/28/2016,781.56,1108249,777.85,781.81,774.97
9/27/2016,783.01,1152760,775.5,785.9899,774.308
9/26/2016,774.21,1531788,782.74,782.74,773.07
9/23/2016,786.9,1411439,786.59,788.93,784.15
9/22/2016,787.21,1483899,780,789.85,778.44
9/21/2016,776.22,1166290,772.66,777.16,768.301
9/20/2016,771.41,975434,769,773.33,768.53
9/19/2016,765.7,1171969,772.42,774,764.4406
9/16/2016,768.88,2047036,769.75,769.75,764.66
9/15/2016,771.76,1344945,762.89,773.8,759.96
9/14/2016,762.49,1093723,759.61,767.68,759.11
9/13/2016,759.69,1394158,764.48,766.2195,755.8
9/12/2016,769.02,1310493,755.13,770.29,754.0001
9/9/2016,759.66,1879903,770.1,773.245,759.66
9/8/2016,775.32,1268663,778.59,780.35,773.58
9/7/2016,780.35,893874,780,782.73,776.2
9/6/2016,780.08,1441864,773.45,782,771
9/2/2016,771.46,1070725,773.01,773.9199,768.41
9/1/2016,768.78,925019,769.25,771.02,764.3
8/31/2016,767.05,1247937,767.01,769.09,765.38
8/30/2016,769.09,1129932,769.33,774.466,766.84
8/29/2016,772.15,847537,768.74,774.99,766.615
8/26/2016,769.54,1164713,769,776.0799,765.85
8/25/2016,769.41,926856,767,771.89,763.1846
8/24/2016,769.64,1071569,770.58,774.5,767.07
8/23/2016,772.08,925356,775.48,776.44,771.785
8/22/2016,772.15,950417,773.27,774.54,770.0502
8/19/2016,775.42,860899,775,777.1,773.13
8/18/2016,777.5,718882,780.01,782.86,777
8/17/2016,779.91,921666,777.32,780.81,773.53
8/16/2016,777.14,1027836,780.3,780.98,773.444
8/15/2016,782.44,938183,783.75,787.49,780.11
8/12/2016,783.22,739761,781.5,783.395,780.4
8/11/2016,784.85,971742,785,789.75,782.97
8/10/2016,784.68,784559,783.75,786.8123,782.778
8/9/2016,784.26,1318457,781.1,788.94,780.57
8/8/2016,781.76,1106693,782,782.63,778.091
8/5/2016,782.22,1799478,773.78,783.04,772.34
8/4/2016,771.61,1139972,772.22,774.07,768.795
8/3/2016,773.18,1283186,767.18,773.21,766.82
8/2/2016,771.07,1782822,768.69,775.84,767.85
8/1/2016,772.88,2697699,761.09,780.43,761.09
7/29/2016,768.79,3830103,772.71,778.55,766.77
7/28/2016,745.91,3473040,747.04,748.65,739.3
7/27/2016,741.77,1509133,738.28,744.46,737
7/26/2016,738.42,1182993,739.04,741.69,734.27
7/25/2016,739.77,1031643,740.67,742.61,737.5
7/22/2016,742.74,1256741,741.86,743.24,736.56
7/21/2016,738.63,1022229,740.36,741.69,735.831
7/20/2016,741.19,1283931,737.33,742.13,737.1
7/19/2016,736.96,1225467,729.89,736.99,729
7/18/2016,733.78,1284740,722.71,736.13,721.19
7/15/2016,719.85,1277514,725.73,725.74,719.055
7/14/2016,720.95,949456,721.58,722.21,718.03
7/13/2016,716.98,933352,723.62,724,716.85
7/12/2016,720.64,1336112,719.12,722.94,715.91
7/11/2016,715.09,1107039,708.05,716.51,707.24
7/8/2016,705.63,1573909,699.5,705.71,696.435
7/7/2016,695.36,1303661,698.08,698.2,688.215
7/6/2016,697.77,1411080,689.98,701.68,689.09
7/5/2016,694.49,1462879,696.06,696.94,688.88
7/1/2016,699.21,1344387,692.2,700.65,692.1301
6/30/2016,692.1,1597298,685.47,692.32,683.65
6/29/2016,684.11,1931436,683,687.4292,681.41
6/28/2016,680.04,2169704,678.97,680.33,673
6/27/2016,668.26,2632011,671,672.3,663.284
6/24/2016,675.22,4442943,675.17,689.4,673.45
6/23/2016,701.87,2166183,697.45,701.95,687
6/22/2016,697.46,1182161,699.06,700.86,693.0819
6/21/2016,695.94,1464836,698.4,702.77,692.01
6/20/2016,693.71,2080645,698.77,702.48,693.41
6/17/2016,691.72,3397720,708.65,708.82,688.4515
6/16/2016,710.36,1981657,714.91,716.65,703.26
6/15/2016,718.92,1213386,719,722.98,717.31
6/14/2016,718.27,1303808,716.48,722.47,713.12
6/13/2016,718.36,1255199,716.51,725.44,716.51
6/10/2016,719.41,1213989,719.47,725.89,716.43
6/9/2016,728.58,987635,722.87,729.54,722.3361
6/8/2016,728.28,1583325,723.96,728.57,720.58
6/7/2016,716.65,1336348,719.84,721.98,716.55
6/6/2016,716.55,1565955,724.91,724.91,714.61
6/3/2016,722.34,1225924,729.27,729.49,720.56
6/2/2016,730.4,1340664,732.5,733.02,724.17
6/1/2016,734.15,1251468,734.53,737.21,730.66
5/31/2016,735.72,2128358,731.74,739.73,731.26
5/27/2016,732.66,1974425,724.01,733.936,724
5/26/2016,724.12,1573635,722.87,728.33,720.28
5/25/2016,725.27,1629790,720.76,727.51,719.7047
5/24/2016,720.09,1926828,706.86,720.97,706.86
5/23/2016,704.24,1326386,706.53,711.4781,704.18
5/20/2016,709.74,1825830,701.62,714.58,700.52
5/19/2016,700.32,1668887,702.36,706,696.8
5/18/2016,706.63,1765632,703.67,711.6,700.63
5/17/2016,706.23,1999883,715.99,721.52,704.11
5/16/2016,716.49,1316719,709.13,718.48,705.65
5/13/2016,710.83,1307559,711.93,716.6619,709.26
5/12/2016,713.31,1361170,717.06,719.25,709
5/11/2016,715.29,1690862,723.41,724.48,712.8
5/10/2016,723.18,1568621,716.75,723.5,715.72
5/9/2016,712.9,1509892,712,718.71,710
5/6/2016,711.12,1828508,698.38,711.86,698.1067
5/5/2016,701.43,1680220,697.7,702.3199,695.72
5/4/2016,695.7,1692757,690.49,699.75,689.01
5/3/2016,692.36,1541297,696.87,697.84,692
5/2/2016,698.21,1645013,697.63,700.64,691
4/29/2016,693.01,2486584,690.7,697.62,689
4/28/2016,691.02,2859790,708.26,714.17,689.55
4/27/2016,705.84,3094905,707.29,708.98,692.3651
4/26/2016,708.14,2739133,725.42,725.766,703.0264
4/25/2016,723.15,1956956,716.1,723.93,715.59
4/22/2016,718.77,5949699,726.3,736.12,713.61
4/21/2016,759.14,2995094,755.38,760.45,749.55
4/20/2016,752.67,1526776,758,758.1315,750.01
4/19/2016,753.93,2027962,769.51,769.9,749.33
4/18/2016,766.61,1557199,760.46,768.05,757.3
4/15/2016,759,1807062,753.98,761,752.6938
4/14/2016,753.2,1134056,754.01,757.31,752.705
4/13/2016,751.72,1707397,749.16,754.38,744.261
4/12/2016,743.09,1349780,738,743.83,731.01
4/11/2016,736.1,1218789,743.02,745,736.05
4/8/2016,739.15,1289869,743.97,745.45,735.55
4/7/2016,740.28,1452369,745.37,746.9999,736.28
4/6/2016,745.69,1052171,735.77,746.24,735.56
4/5/2016,737.8,1130817,738,742.8,735.37
4/4/2016,745.29,1134214,750.06,752.8,742.43
4/1/2016,749.91,1576240,738.6,750.34,737
3/31/2016,744.95,1718638,749.25,750.85,740.94
3/30/2016,750.53,1782278,750.1,757.88,748.74
3/29/2016,744.77,1902254,734.59,747.25,728.76
3/28/2016,733.53,1300817,736.79,738.99,732.5
