2997,42,18.0,103,91367,1,3.33,1.0,0,1.0,1.0,1.0,1.0,1.0
2692,61,36.0,119,95064,2,5.4,2.0,0,1.0,0.0,0.0,1.0,0.0
2159,50,25.0,83,94720,4,3.1,1.0,0,1.0,0.0,0.0,0.0,1.0
3277,55,31.0,159,92123,1,3.9,3.0,0,1.0,0.0,0.0,0.0,0.0
4088,52,28.0,179,94583,4,4.2,3.0,0,1.0,0.0,0.0,0.0,0.0
814,50,25.0,130,94720,1,1.1,2.0,0,1.0,0.0,0.0,1.0,0.0
952,59,34.0,83,94105,2,3.4,3.0,0,1.0,0.0,0.0,1.0,0.0
3647,34,9.0,141,92056,3,6.9,2.0,260,1.0,0.0,0.0,1.0,0.0
1178,28,3.0,71,90405,1,3.3,2.0,149,1.0,1.0,1.0,1.0,0.0
2591,46,20.0,152,95814,1,7.4,3.0,374,1.0,0.0,1.0,1.0,1.0
2179,37,13.0,158,93943,2,2.3,2.0,0,1.0,0.0,1.0,1.0,1.0
3161,41,15.0,158,94304,1,4.7,2.0,0,1.0,1.0,1.0,0.0,1.0
892,32,6.0,120,94102,4,5.4,1.0,301,1.0,0.0,1.0,1.0,1.0
4419,59,34.0,145,95125,4,1.8,1.0,198,1.0,0.0,0.0,1.0,0.0
3606,61,31.0,130,92333,2,2.6,3.0,0,1.0,0.0,0.0,0.0,0.0
1396,47,23.0,190,92831,4,0.3,3.0,305,1.0,0.0,0.0,0.0,0.0
1293,56,30.0,164,94610,4,0.5,2.0,234,1.0,0.0,1.0,1.0,1.0
1350,26,2.0,171,93943,3,6.0,2.0,0,1.0,0.0,0.0,1.0,0.0
2603,52,26.0,161,93108,4,4.3,1.0,0,1.0,0.0,1.0,1.0,1.0
2647,45,20.0,191,92007,3,2.6,3.0,123,1.0,0.0,0.0,0.0,0.0
3859,42,18.0,158,92124,2,0.4,2.0,277,1.0,0.0,0.0,0.0,1.0
3836,33,9.0,131,90065,3,2.2,3.0,0,1.0,1.0,0.0,0.0,0.0
4471,44,20.0,111,91911,2,5.3,2.0,0,1.0,0.0,0.0,1.0,0.0
777,50,26.0,135,92121,2,4.6,3.0,91,1.0,0.0,0.0,1.0,0.0
1861,30,6.0,179,91103,3,4.9,1.0,142,1.0,0.0,0.0,1.0,0.0
1652,62,36.0,158,94301,2,6.3,3.0,0,1.0,0.0,0.0,1.0,0.0
1799,44,20.0,185,94086,3,2.7,1.0,0,1.0,0.0,0.0,1.0,0.0
4533,48,22.0,133,90073,2,3.1,2.0,0,1.0,0.0,0.0,1.0,0.0
317,57,31.0,165,95054,1,1.6,2.0,0,1.0,0.0,0.0,1.0,0.0
571,49,25.0,161,94928,3,6.5,2.0,485,1.0,1.0,1.0,0.0,0.0
2785,36,9.0,115,91765,4,2.2,2.0,0,1.0,0.0,0.0,0.0,0.0
3652,49,23.0,140,90504,1,1.9,3.0,0,1.0,0.0,0.0,0.0,1.0
4308,45,19.0,128,94928,4,6.0,3.0,0,1.0,0.0,0.0,1.0,0.0
2218,48,24.0,162,91355,4,3.3,2.0,446,1.0,0.0,1.0,1.0,0.0
4170,41,17.0,143,90059,2,2.7,3.0,209,1.0,0.0,0.0,1.0,0.0
3823,63,33.0,178,91768,4,9.0,3.0,0,1.0,0.0,0.0,0.0,0.0
1638,30,6.0,193,94022,3,6.3,3.0,0,1.0,0.0,0.0,1.0,0.0
1029,29,4.0,110,92096,4,2.5,3.0,0,1.0,0.0,0.0,0.0,0.0
2503,58,31.0,178,92009,2,6.0,2.0,0,1.0,0.0,0.0,1.0,0.0
1632,61,36.0,153,91105,1,2.6,2.0,0,1.0,1.0,1.0,0.0,1.0
1919,39,9.0,118,93555,2,6.0,3.0,246,1.0,0.0,1.0,1.0,1.0
1321,31,7.0,192,90250,1,0.0,2.0,0,1.0,0.0,0.0,1.0,0.0
4586,35,11.0,180,94010,1,3.6,3.0,571,1.0,0.0,1.0,1.0,1.0
2042,45,20.0,180,95403,3,8.5,2.0,535,1.0,0.0,0.0,0.0,0.0
1914,57,33.0,134,92110,4,0.9,1.0,198,1.0,0.0,0.0,1.0,0.0
304,49,25.0,195,95605,4,3.0,1.0,617,1.0,0.0,0.0,0.0,0.0
2263,55,29.0,131,95070,2,0.7,2.0,0,1.0,0.0,0.0,0.0,1.0
439,58,32.0,113,93943,2,3.8,2.0,119,1.0,0.0,1.0,1.0,1.0
350,26,2.0,60,93407,2,3.0,1.0,132,1.0,0.0,0.0,0.0,0.0
4706,61,37.0,141,92677,3,0.7,1.0,0,1.0,0.0,1.0,1.0,1.0
2401,61,36.0,169,91380,2,6.1,3.0,106,1.0,0.0,1.0,1.0,1.0
2542,34,8.0,171,90212,2,2.2,2.0,569,1.0,0.0,0.0,1.0,0.0
2434,37,11.0,123,94720,1,2.3,2.0,0,1.0,1.0,1.0,1.0,0.0
4415,33,8.0,178,94720,3,8.5,1.0,0,1.0,1.0,1.0,1.0,0.0
2911,46,22.0,102,95039,3,4.5,3.0,0,1.0,0.0,0.0,1.0,0.0
2774,63,37.0,185,94309,2,7.9,2.0,358,1.0,0.0,0.0,1.0,0.0
1127,32,8.0,104,95192,2,3.7,1.0,0,1.0,0.0,0.0,0.0,1.0
2770,33,9.0,183,91320,2,8.8,3.0,582,1.0,0.0,0.0,1.0,0.0
597,48,22.0,152,94022,1,3.5,3.0,0,1.0,0.0,0.0,1.0,0.0
3563,32,8.0,169,94596,1,6.5,3.0,272,1.0,1.0,1.0,1.0,0.0
1238,38,13.0,169,92093,1,6.8,3.0,0,1.0,0.0,1.0,1.0,1.0
780,53,28.0,192,94304,2,6.4,3.0,0,1.0,0.0,0.0,0.0,0.0
1065,41,17.0,138,95008,3,6.9,2.0,0,1.0,0.0,0.0,1.0,0.0
1070,44,18.0,75,91203,2,3.5,1.0,0,1.0,0.0,0.0,1.0,0.0
2512,51,27.0,92,92121,4,3.0,1.0,0,1.0,0.0,1.0,1.0,1.0
976,63,38.0,83,92122,2,3.4,1.0,0,1.0,0.0,0.0,0.0,0.0
4303,52,27.0,85,92037,3,3.4,3.0,0,1.0,0.0,0.0,0.0,0.0
2185,62,36.0,183,90095,2,3.4,3.0,0,1.0,0.0,0.0,0.0,0.0
3146,34,10.0,114,94305,3,3.3,3.0,0,1.0,0.0,0.0,0.0,0.0
1129,30,5.0,171,94025,2,1.9,2.0,0,1.0,0.0,0.0,0.0,0.0
210,64,39.0,172,94707,4,3.1,1.0,282,1.0,0.0,1.0,1.0,1.0
3579,29,5.0,128,91302,2,4.1,2.0,209,1.0,0.0,0.0,1.0,0.0
2197,51,24.0,189,95211,4,4.75,2.0,0,1.0,0.0,0.0,1.0,0.0
4259,52,26.0,155,92660,3,7.2,2.0,0,1.0,0.0,0.0,1.0,0.0
2879,45,19.0,122,94590,4,4.1,2.0,0,1.0,0.0,0.0,1.0,0.0
3614,35,11.0,148,92672,1,5.8,3.0,0,1.0,0.0,0.0,1.0,0.0
1753,33,8.0,155,92717,1,7.4,3.0,0,1.0,0.0,0.0,0.0,0.0
1667,51,25.0,190,95138,2,4.2,2.0,0,1.0,0.0,0.0,1.0,0.0
4720,32,8.0,140,94102,4,6.6,3.0,0,1.0,0.0,1.0,0.0,1.0
1015,50,26.0,192,90245,2,1.8,3.0,301,1.0,0.0,1.0,1.0,1.0
289,44,19.0,172,94306,2,4.3,3.0,391,1.0,1.0,1.0,1.0,0.0
738,64,37.0,138,94709,2,2.8,2.0,0,1.0,0.0,0.0,1.0,0.0
3542,45,20.0,144,92106,4,5.4,1.0,210,1.0,0.0,0.0,1.0,0.0
4703,35,5.0,108,90630,2,2.75,3.0,0,1.0,1.0,0.0,0.0,0.0
401,36,10.0,179,94542,3,6.6,1.0,0,1.0,0.0,0.0,1.0,0.0
4632,32,8.0,142,90095,4,6.2,2.0,120,1.0,0.0,1.0,1.0,1.0
982,36,12.0,142,90064,3,2.3,2.0,0,1.0,0.0,1.0,1.0,1.0
2701,31,5.0,39,94590,4,2.2,2.0,0,0.0,0.0,0.0,1.0,1.0
3359,59,35.0,40,94536,4,0.4,1.0,0,0.0,0.0,0.0,0.0,0.0
2492,38,14.0,80,92868,2,2.7,1.0,0,0.0,0.0,0.0,1.0,0.0
1468,62,36.0,29,91107,2,0.7,3.0,0,0.0,0.0,0.0,0.0,0.0
4816,58,32.0,99,92697,2,1.4,1.0,0,0.0,0.0,0.0,0.0,1.0
1438,28,3.0,123,92007,1,0.8,1.0,146,0.0,0.0,0.0,0.0,0.0
3860,50,24.0,62,90245,1,1.4,3.0,0,0.0,0.0,0.0,0.0,0.0
557,60,34.0,21,93105,3,0.3,3.0,129,0.0,0.0,0.0,1.0,0.0
2552,46,22.0,43,92120,2,2.1,3.0,0,0.0,1.0,1.0,1.0,1.0
2336,37,13.0,59,93907,1,3.6,2.0,0,0.0,0.0,0.0,0.0,0.0
4432,38,12.0,60,92806,2,1.8,1.0,0,0.0,0.0,0.0,1.0,0.0
3875,36,12.0,92,94709,2,0.0,1.0,184,0.0,0.0,0.0,0.0,0.0
3079,38,13.0,63,92325,3,0.5,3.0,190,0.0,1.0,1.0,1.0,1.0
4469,67,42.0,51,94117,3,2.2,1.0,0,0.0,0.0,0.0,1.0,1.0
891,55,29.0,29,92780,4,1.5,3.0,79,0.0,0.0,0.0,1.0,0.0
4993,30,5.0,13,90037,4,0.5,3.0,0,0.0,0.0,0.0,0.0,0.0
3665,48,24.0,43,91791,3,1.9,2.0,0,0.0,0.0,0.0,1.0,0.0
2731,56,30.0,43,90401,2,0.3,1.0,0,0.0,1.0,0.0,0.0,0.0
615,37,12.0,180,90034,1,8.6,1.0,0,0.0,0.0,0.0,1.0,1.0
922,31,5.0,91,92096,3,1.6,1.0,126,0.0,0.0,0.0,1.0,1.0
2016,30,5.0,141,95747,1,0.8,1.0,0,0.0,0.0,0.0,1.0,0.0
2539,37,12.0,175,92037,2,7.8,1.0,297,0.0,0.0,0.0,1.0,1.0
1252,39,13.0,31,95120,2,0.8,3.0,0,0.0,0.0,0.0,0.0,0.0
511,51,26.0,62,95136,1,1.3,2.0,221,0.0,0.0,0.0,1.0,0.0
2826,35,10.0,48,95060,1,2.5,3.0,164,0.0,0.0,0.0,1.0,0.0
3871,25,0.0,25,94596,2,0.9,3.0,0,0.0,0.0,0.0,0.0,0.0
123,58,32.0,73,94523,2,0.7,2.0,0,0.0,0.0,0.0,1.0,1.0
4701,31,7.0,170,95006,1,6.0,1.0,0,0.0,0.0,0.0,1.0,0.0
2128,40,14.0,179,94720,2,0.0,1.0,0,0.0,0.0,0.0,0.0,0.0
3620,45,20.0,42,94703,1,0.3,3.0,0,0.0,0.0,0.0,1.0,0.0
2039,50,24.0,150,94551,1,7.3,1.0,0,0.0,0.0,0.0,1.0,1.0
874,24,0.0,88,90740,3,0.8,1.0,134,0.0,0.0,0.0,0.0,0.0
1341,35,11.0,82,94131,4,3.4,1.0,0,0.0,0.0,0.0,0.0,0.0
3396,41,16.0,35,94061,2,1.4,2.0,135,0.0,0.0,0.0,0.0,0.0
949,30,4.0,81,92037,1,2.9,3.0,259,0.0,0.0,0.0,1.0,1.0
938,38,13.0,62,92093,3,0.7,2.0,0,0.0,1.0,0.0,1.0,0.0
3742,53,29.0,51,92152,2,3.2,3.0,0,0.0,0.0,0.0,1.0,0.0
2973,31,7.0,38,92182,1,1.8,2.0,182,0.0,0.0,1.0,1.0,1.0
3147,26,1.0,38,91910,4,1.7,2.0,0,0.0,0.0,0.0,1.0,0.0
3951,38,14.0,62,94143,1,1.5,3.0,255,0.0,0.0,0.0,1.0,0.0
3137,60,34.0,65,95354,3,2.2,3.0,94,0.0,1.0,1.0,0.0,1.0
3592,58,32.0,73,94109,2,2.3,3.0,224,0.0,0.0,0.0,1.0,1.0
4936,59,33.0,81,94022,2,1.4,1.0,0,0.0,0.0,0.0,1.0,0.0
12,29,5.0,45,90277,3,0.1,2.0,0,0.0,0.0,0.0,1.0,0.0
207,49,25.0,31,91355,1,1.0,1.0,0,0.0,1.0,0.0,1.0,0.0
23,29,5.0,62,90277,1,1.2,1.0,260,0.0,0.0,0.0,1.0,0.0
2127,44,19.0,83,92121,4,0.4,1.0,141,0.0,0.0,0.0,0.0,0.0
3685,57,31.0,51,92093,4,1.7,2.0,103,0.0,0.0,0.0,1.0,0.0
218,39,14.0,74,94305,3,3.0,1.0,0,0.0,0.0,0.0,0.0,0.0
4080,65,40.0,75,90036,3,2.2,1.0,0,0.0,0.0,0.0,1.0,0.0
3062,38,13.0,81,90095,1,4.0,3.0,206,0.0,1.0,0.0,1.0,0.0
1109,55,29.0,61,95051,4,2.8,2.0,0,0.0,0.0,0.0,1.0,1.0
4865,41,16.0,52,91311,2,2.2,3.0,0,0.0,0.0,0.0,1.0,0.0
2349,51,25.0,85,94015,4,4.9,1.0,0,0.0,0.0,0.0,1.0,1.0
2162,52,28.0,38,94131,4,0.9,2.0,95,0.0,0.0,0.0,1.0,1.0
1745,28,3.0,29,91105,4,0.8,1.0,135,0.0,0.0,0.0,1.0,0.0
1885,57,33.0,163,94132,1,7.4,1.0,0,0.0,0.0,0.0,1.0,0.0
4251,52,28.0,54,90041,4,0.1,3.0,0,0.0,0.0,0.0,0.0,1.0
481,54,29.0,68,94998,3,1.6,3.0,0,0.0,0.0,0.0,1.0,1.0
441,64,39.0,59,92626,2,1.5,1.0,139,0.0,0.0,0.0,1.0,0.0
3584,30,3.0,33,95112,4,1.5,2.0,85,0.0,0.0,0.0,0.0,0.0
2237,51,24.0,23,95616,1,0.5,2.0,0,0.0,0.0,0.0,1.0,0.0
4531,33,9.0,19,95370,2,1.0,2.0,92,0.0,0.0,0.0,1.0,0.0
3661,38,12.0,59,93401,2,2.4,2.0,0,0.0,0.0,0.0,0.0,0.0
2367,30,4.0,63,95008,4,2.2,2.0,0,0.0,1.0,0.0,1.0,0.0
211,51,26.0,20,92131,2,0.0,1.0,0,0.0,0.0,0.0,0.0,0.0
4056,42,18.0,65,93460,3,2.1,3.0,0,0.0,0.0,0.0,1.0,1.0
3594,60,34.0,44,90018,2,0.3,1.0,192,0.0,0.0,0.0,1.0,0.0
2563,45,21.0,39,92521,2,2.1,3.0,184,0.0,0.0,0.0,0.0,1.0
3233,55,25.0,65,92093,4,2.0,3.0,0,0.0,0.0,0.0,1.0,0.0
4938,33,8.0,162,94960,1,8.6,1.0,0,0.0,0.0,1.0,1.0,1.0
1056,31,6.0,62,95630,1,1.0,1.0,0,0.0,1.0,0.0,1.0,0.0
4984,51,26.0,72,95370,1,2.9,1.0,0,0.0,0.0,0.0,0.0,0.0
875,30,4.0,40,92056,4,2.1,3.0,0,0.0,0.0,0.0,1.0,1.0
2291,38,13.0,78,91942,4,0.7,3.0,0,0.0,0.0,0.0,1.0,0.0
2815,54,28.0,53,94002,1,2.2,3.0,0,0.0,0.0,0.0,1.0,1.0
856,59,33.0,113,92152,2,2.0,1.0,77,0.0,0.0,0.0,1.0,0.0
4406,61,35.0,83,91320,2,1.7,3.0,245,0.0,0.0,0.0,1.0,0.0
1222,30,5.0,121,94132,2,3.3,1.0,0,0.0,0.0,0.0,0.0,1.0
2375,32,5.0,41,92008,2,1.0,2.0,112,0.0,1.0,0.0,1.0,0.0
3621,53,29.0,132,95020,2,0.3,1.0,403,0.0,0.0,0.0,0.0,0.0
3628,27,1.0,83,90034,2,0.2,1.0,0,0.0,0.0,0.0,0.0,1.0
4685,59,34.0,103,91360,1,2.6,1.0,0,0.0,0.0,0.0,1.0,0.0
3112,34,9.0,78,90095,3,0.6,2.0,0,0.0,0.0,0.0,1.0,0.0
4710,26,1.0,35,90089,2,1.7,2.0,119,0.0,0.0,0.0,0.0,1.0
2651,64,40.0,52,95060,2,1.1,1.0,226,0.0,0.0,0.0,0.0,0.0
3459,48,23.0,191,95053,2,2.8,1.0,231,0.0,0.0,0.0,0.0,1.0
3113,56,32.0,65,92677,2,3.2,3.0,0,0.0,0.0,0.0,1.0,0.0
852,41,16.0,23,94521,2,1.4,2.0,0,0.0,1.0,0.0,1.0,0.0
3019,58,32.0,49,94005,1,1.4,1.0,99,0.0,0.0,0.0,1.0,1.0
4992,51,25.0,92,91330,1,1.9,2.0,100,0.0,0.0,0.0,0.0,1.0
1360,64,40.0,171,90034,2,2.1,1.0,433,0.0,0.0,0.0,0.0,0.0
2907,35,8.0,55,92870,2,1.67,2.0,0,0.0,0.0,0.0,1.0,0.0
2703,42,18.0,144,94063,2,6.1,1.0,158,0.0,0.0,0.0,0.0,0.0
4995,64,40.0,75,94588,3,2.0,3.0,0,0.0,0.0,0.0,1.0,0.0
1235,44,18.0,33,90405,3,1.5,1.0,0,0.0,0.0,0.0,1.0,1.0
4568,46,20.0,19,94105,3,0.5,2.0,97,0.0,1.0,0.0,1.0,0.0
2272,60,34.0,101,94928,3,4.4,1.0,0,0.0,0.0,0.0,1.0,1.0
3927,48,23.0,43,94301,2,1.3,1.0,0,0.0,0.0,0.0,1.0,0.0
576,54,30.0,93,91107,1,2.7,2.0,0,0.0,0.0,0.0,1.0,0.0
4204,59,33.0,88,93106,4,1.9,2.0,0,0.0,0.0,0.0,0.0,0.0
305,48,23.0,22,90740,1,0.1,1.0,0,0.0,0.0,0.0,0.0,0.0
2595,48,23.0,79,94024,1,0.2,2.0,0,0.0,0.0,0.0,0.0,0.0
1279,36,10.0,74,94305,1,2.5,1.0,0,0.0,0.0,0.0,0.0,1.0
493,60,36.0,38,94596,4,1.3,1.0,0,0.0,0.0,0.0,1.0,0.0
4499,51,26.0,133,90291,1,0.6,1.0,328,0.0,0.0,0.0,0.0,0.0
2339,42,18.0,130,94611,2,7.5,1.0,0,0.0,0.0,0.0,0.0,1.0
3786,54,28.0,83,95841,1,2.4,1.0,0,0.0,0.0,0.0,1.0,0.0
3487,25,1.0,20,92806,4,1.0,1.0,0,0.0,0.0,0.0,0.0,1.0
2249,63,37.0,8,94618,1,0.8,2.0,97,0.0,0.0,0.0,1.0,0.0
2779,56,31.0,61,92646,4,1.3,3.0,0,0.0,0.0,0.0,1.0,1.0
2431,23,-1.0,73,92120,4,2.6,1.0,0,0.0,0.0,0.0,1.0,0.0
1104,38,14.0,49,90037,1,1.8,1.0,0,0.0,0.0,0.0,0.0,0.0
78,46,20.0,29,92220,3,0.5,2.0,0,0.0,0.0,0.0,0.0,0.0
445,64,40.0,91,93106,2,0.0,3.0,0,0.0,0.0,0.0,1.0,1.0
1707,56,31.0,84,92672,1,0.1,3.0,0,0.0,0.0,0.0,1.0,0.0
2535,56,30.0,90,94402,1,1.9,2.0,0,0.0,0.0,0.0,1.0,0.0
2558,36,11.0,23,94553,4,0.2,3.0,0,0.0,0.0,0.0,1.0,0.0
1260,52,27.0,35,95616,4,0.2,2.0,0,0.0,0.0,0.0,1.0,0.0
2380,42,18.0,110,94720,2,6.1,1.0,182,0.0,0.0,0.0,1.0,0.0
846,44,17.0,29,94706,3,1.0,2.0,0,0.0,0.0,0.0,1.0,1.0
4113,34,9.0,65,95014,3,0.7,2.0,104,0.0,0.0,0.0,1.0,0.0
3965,43,18.0,78,94025,4,1.9,3.0,0,0.0,0.0,0.0,0.0,0.0
2053,28,3.0,120,94080,1,0.8,1.0,170,0.0,0.0,0.0,0.0,0.0
2816,26,1.0,48,94019,3,2.6,3.0,169,0.0,0.0,0.0,0.0,0.0
1436,43,17.0,55,90266,1,0.2,1.0,0,0.0,0.0,0.0,1.0,0.0
813,36,10.0,65,90089,4,2.2,2.0,0,0.0,0.0,0.0,0.0,0.0
894,58,32.0,43,93943,3,1.4,1.0,0,0.0,0.0,0.0,0.0,1.0
4511,64,39.0,20,93109,3,0.1,3.0,0,0.0,0.0,0.0,0.0,0.0
2033,62,37.0,32,90266,3,0.2,1.0,0,0.0,1.0,0.0,0.0,1.0
2403,48,21.0,23,94720,3,0.67,2.0,95,0.0,0.0,0.0,0.0,0.0
618,46,20.0,74,94024,4,2.6,3.0,0,0.0,0.0,0.0,1.0,0.0
750,58,34.0,60,92008,4,1.6,2.0,0,0.0,0.0,0.0,0.0,1.0
3206,59,33.0,38,92407,1,1.4,1.0,0,0.0,0.0,0.0,1.0,1.0
4250,37,12.0,63,91942,4,2.1,3.0,0,0.0,0.0,0.0,1.0,0.0
3815,34,9.0,35,94304,3,1.3,1.0,0,0.0,0.0,0.0,0.0,0.0
3107,36,10.0,21,92084,3,0.1,2.0,0,0.0,0.0,0.0,0.0,0.0
1863,42,17.0,82,95616,1,3.7,3.0,0,0.0,0.0,0.0,1.0,0.0
4316,51,26.0,62,90024,4,1.8,3.0,119,0.0,0.0,0.0,1.0,0.0
4213,50,23.0,9,94109,1,0.5,2.0,98,0.0,0.0,0.0,1.0,0.0
3932,53,27.0,170,95003,1,1.0,1.0,0,0.0,0.0,0.0,1.0,0.0
2717,41,17.0,34,92182,1,2.0,2.0,0,0.0,0.0,0.0,0.0,0.0
2571,30,4.0,154,95621,2,4.5,1.0,207,0.0,0.0,0.0,1.0,0.0
4950,29,5.0,64,94114,4,0.0,1.0,249,0.0,0.0,0.0,0.0,1.0
1236,54,28.0,60,94110,4,2.6,3.0,0,0.0,0.0,0.0,0.0,0.0
4614,63,38.0,52,91361,4,1.7,1.0,218,0.0,0.0,0.0,1.0,1.0
418,53,29.0,83,90073,4,1.0,2.0,0,0.0,0.0,0.0,1.0,0.0
2759,62,36.0,35,94501,2,0.7,3.0,0,0.0,1.0,0.0,0.0,1.0
4606,48,22.0,42,94611,1,1.2,2.0,0,0.0,0.0,0.0,0.0,0.0
2670,43,18.0,10,91902,2,0.1,2.0,0,0.0,1.0,0.0,0.0,1.0
3262,64,40.0,131,91103,1,3.8,1.0,0,0.0,0.0,0.0,0.0,0.0
173,38,13.0,171,92717,2,7.8,1.0,0,0.0,0.0,0.0,1.0,0.0
3517,45,21.0,38,93943,3,0.6,2.0,148,0.0,0.0,0.0,1.0,0.0
501,59,33.0,34,92177,2,0.3,1.0,0,0.0,0.0,0.0,0.0,0.0
3728,56,30.0,31,94117,2,0.3,1.0,109,0.0,1.0,1.0,1.0,1.0
3492,51,27.0,12,92697,2,0.4,1.0,0,0.0,0.0,0.0,0.0,1.0
2416,45,21.0,11,94143,4,0.2,1.0,106,0.0,0.0,0.0,1.0,1.0
4472,56,30.0,79,94588,3,0.8,1.0,302,0.0,0.0,0.0,0.0,0.0
4022,40,14.0,42,90638,2,0.3,1.0,106,0.0,0.0,0.0,0.0,1.0
2667,32,7.0,100,92126,3,0.6,2.0,0,0.0,0.0,0.0,1.0,0.0
2891,48,24.0,18,94304,4,0.2,1.0,0,0.0,0.0,0.0,1.0,1.0
2358,44,19.0,34,95005,4,0.0,2.0,0,0.0,0.0,0.0,0.0,0.0
1093,25,1.0,70,92120,4,2.6,1.0,0,0.0,1.0,0.0,1.0,0.0
45,46,20.0,104,94065,1,5.7,1.0,0,0.0,0.0,0.0,1.0,1.0
3972,35,11.0,24,95616,1,0.5,3.0,0,0.0,0.0,0.0,1.0,1.0
2105,40,14.0,58,90245,4,0.2,3.0,0,0.0,0.0,0.0,1.0,0.0
3501,51,26.0,90,94110,1,2.8,2.0,0,0.0,0.0,0.0,1.0,1.0
4761,50,25.0,18,95819,2,0.0,1.0,0,0.0,0.0,0.0,0.0,1.0
3462,57,27.0,64,92007,3,2.0,3.0,142,0.0,0.0,0.0,1.0,0.0
1119,42,17.0,98,95670,2,0.4,1.0,0,0.0,0.0,0.0,1.0,1.0
4940,54,29.0,70,92093,3,2.0,2.0,116,0.0,0.0,0.0,1.0,1.0
2489,38,14.0,105,94708,2,1.9,1.0,0,0.0,0.0,0.0,1.0,0.0
3680,49,23.0,134,90095,2,6.3,1.0,0,0.0,0.0,0.0,1.0,0.0
4443,48,23.0,62,91367,4,3.6,3.0,83,0.0,0.0,0.0,0.0,1.0
3588,28,4.0,29,94080,3,0.1,2.0,0,0.0,0.0,0.0,1.0,0.0
353,52,28.0,91,92692,4,1.0,2.0,0,0.0,0.0,0.0,0.0,1.0
2528,27,1.0,43,95120,3,1.1,2.0,0,0.0,0.0,0.0,0.0,0.0
3010,33,9.0,74,92120,3,2.6,2.0,0,0.0,0.0,0.0,1.0,0.0
815,33,8.0,45,93943,2,0.1,1.0,0,0.0,0.0,0.0,0.0,1.0
3696,61,35.0,60,90272,1,2.8,2.0,0,0.0,0.0,0.0,1.0,0.0
2322,41,15.0,39,91380,3,0.5,3.0,0,0.0,0.0,0.0,0.0,0.0
1598,66,41.0,11,92325,3,0.1,3.0,0,0.0,1.0,0.0,0.0,1.0
2107,62,38.0,132,90210,1,2.9,1.0,0,0.0,0.0,0.0,0.0,0.0
2948,45,21.0,151,90024,2,3.3,1.0,328,0.0,0.0,0.0,0.0,0.0
4110,27,0.0,30,93107,4,1.0,3.0,0,0.0,0.0,0.0,1.0,1.0
962,35,9.0,30,94114,4,1.0,1.0,163,0.0,0.0,0.0,1.0,0.0
3300,60,34.0,90,92192,4,1.9,2.0,0,0.0,0.0,0.0,1.0,0.0
3810,26,2.0,62,94080,4,1.6,1.0,0,0.0,1.0,0.0,0.0,0.0
240,28,3.0,52,94112,4,1.7,2.0,0,0.0,0.0,0.0,0.0,0.0
4742,58,32.0,55,93106,4,2.5,1.0,0,0.0,0.0,0.0,1.0,0.0
4923,31,5.0,28,90717,1,0.3,1.0,0,0.0,0.0,0.0,1.0,1.0
4411,39,14.0,153,91614,2,3.0,1.0,0,0.0,0.0,0.0,0.0,0.0
3734,58,32.0,72,94105,3,0.3,2.0,0,0.0,0.0,0.0,1.0,0.0
2480,55,30.0,82,94720,4,3.8,2.0,0,0.0,0.0,0.0,1.0,0.0
447,47,23.0,22,93108,1,1.0,1.0,0,0.0,0.0,0.0,0.0,1.0
2869,52,26.0,31,94923,4,1.8,1.0,0,0.0,0.0,0.0,1.0,1.0
1923,39,15.0,25,93023,1,1.4,3.0,0,0.0,0.0,0.0,0.0,0.0
2315,27,2.0,112,94501,4,1.8,3.0,0,0.0,1.0,0.0,1.0,0.0
3126,46,20.0,18,92521,1,0.2,1.0,0,0.0,0.0,0.0,1.0,1.0
3306,39,13.0,78,95616,1,2.8,3.0,0,0.0,0.0,0.0,0.0,0.0
1763,65,35.0,55,94526,4,1.67,3.0,89,0.0,0.0,0.0,1.0,1.0
2041,41,16.0,91,94720,3,0.5,3.0,0,0.0,0.0,0.0,0.0,0.0
3072,32,8.0,74,93023,4,0.1,2.0,257,0.0,0.0,0.0,0.0,1.0
2032,60,35.0,80,94608,3,0.5,1.0,0,0.0,0.0,0.0,1.0,0.0
2935,37,13.0,195,91763,2,6.5,1.0,635,0.0,0.0,0.0,1.0,0.0
1764,48,24.0,134,94105,1,5.0,1.0,0,0.0,0.0,0.0,0.0,1.0
2312,62,37.0,115,90245,4,3.4,2.0,0,0.0,0.0,0.0,1.0,1.0
4741,56,30.0,178,93940,1,2.9,1.0,0,0.0,0.0,0.0,1.0,0.0
1455,51,25.0,148,90024,1,1.0,1.0,0,0.0,0.0,0.0,0.0,0.0
1512,58,32.0,65,90266,3,2.2,3.0,0,0.0,0.0,0.0,0.0,0.0
2396,44,17.0,25,95064,3,1.0,2.0,0,0.0,0.0,0.0,0.0,1.0
724,50,24.0,61,94301,4,2.6,1.0,0,0.0,0.0,0.0,1.0,0.0
2578,55,29.0,78,95521,1,0.8,3.0,190,0.0,0.0,0.0,1.0,0.0
396,60,35.0,64,94509,2,2.8,1.0,0,0.0,0.0,0.0,0.0,0.0
4295,58,34.0,150,92110,1,7.4,1.0,481,0.0,0.0,0.0,1.0,0.0
2068,58,32.0,180,91770,1,2.9,1.0,0,0.0,0.0,0.0,0.0,1.0
1844,30,6.0,154,90230,1,6.0,1.0,0,0.0,0.0,0.0,0.0,0.0
1383,34,8.0,82,91775,2,1.8,1.0,178,0.0,0.0,0.0,1.0,1.0
52,61,37.0,131,94720,1,2.9,1.0,0,0.0,0.0,0.0,1.0,0.0
394,53,28.0,18,90095,4,0.1,3.0,109,0.0,1.0,1.0,1.0,1.0
4529,48,23.0,48,94086,1,0.3,1.0,0,0.0,0.0,0.0,0.0,0.0
3708,43,18.0,35,92647,1,0.6,3.0,0,0.0,0.0,0.0,0.0,0.0
1607,35,10.0,33,90266,4,1.7,1.0,87,0.0,0.0,0.0,1.0,0.0
2499,38,14.0,111,92028,2,6.1,1.0,326,0.0,0.0,0.0,0.0,0.0
4388,37,12.0,72,91380,4,0.7,3.0,0,0.0,0.0,0.0,0.0,0.0
34,30,6.0,18,91330,3,0.9,3.0,0,0.0,0.0,0.0,0.0,0.0
4657,47,21.0,38,91101,3,0.6,2.0,0,0.0,1.0,0.0,0.0,0.0
4670,27,1.0,64,94501,4,1.8,2.0,0,0.0,0.0,0.0,1.0,1.0
4528,41,16.0,18,90024,1,0.6,3.0,0,0.0,0.0,0.0,0.0,1.0
3247,41,17.0,81,95422,1,0.8,2.0,223,0.0,0.0,0.0,1.0,0.0
1805,40,16.0,64,92661,4,2.67,1.0,0,0.0,1.0,0.0,1.0,0.0
1933,64,39.0,73,90073,3,2.4,1.0,185,0.0,0.0,0.0,0.0,0.0
4697,59,35.0,70,92103,4,2.3,3.0,0,0.0,0.0,0.0,0.0,0.0
3916,38,13.0,91,92037,1,2.8,1.0,0,0.0,0.0,0.0,1.0,1.0
1263,26,1.0,53,94720,2,1.6,3.0,0,0.0,0.0,0.0,1.0,0.0
3969,28,3.0,78,93108,4,0.2,1.0,0,0.0,0.0,0.0,1.0,1.0
1044,51,27.0,21,95630,3,0.4,1.0,0,0.0,0.0,0.0,1.0,0.0
3655,53,28.0,61,94061,4,0.9,1.0,177,0.0,0.0,0.0,0.0,0.0
3175,49,24.0,35,94701,4,0.2,2.0,0,0.0,0.0,0.0,0.0,1.0
6,37,13.0,29,92121,4,0.4,2.0,155,0.0,0.0,0.0,1.0,0.0
1562,46,20.0,73,93106,1,1.5,2.0,128,0.0,0.0,0.0,1.0,0.0
2453,25,1.0,28,94596,1,1.0,3.0,0,0.0,0.0,0.0,1.0,0.0
1405,58,28.0,75,92121,1,1.4,3.0,0,0.0,0.0,0.0,1.0,0.0
4414,29,2.0,31,91775,4,1.5,2.0,0,0.0,0.0,0.0,0.0,1.0
3127,57,32.0,74,92780,4,0.7,1.0,0,0.0,0.0,0.0,0.0,1.0
2517,28,3.0,74,94720,3,2.6,3.0,0,0.0,0.0,0.0,0.0,0.0
4393,52,27.0,81,92634,4,3.8,2.0,0,0.0,0.0,0.0,0.0,0.0
646,35,9.0,84,95120,4,2.2,2.0,322,0.0,0.0,0.0,0.0,0.0
2118,31,7.0,15,91380,3,0.9,3.0,0,0.0,0.0,0.0,1.0,0.0
4714,25,1.0,122,93022,2,0.2,1.0,0,0.0,0.0,0.0,1.0,0.0
3482,52,26.0,34,93023,1,0.3,3.0,0,0.0,0.0,0.0,1.0,0.0
1903,39,14.0,85,94005,3,1.2,3.0,107,0.0,0.0,0.0,1.0,1.0
794,24,-2.0,150,94720,2,2.0,1.0,0,0.0,0.0,0.0,1.0,0.0
1356,61,37.0,48,91910,1,0.8,1.0,158,0.0,0.0,0.0,1.0,0.0
1952,45,21.0,84,94550,4,2.0,3.0,0,0.0,0.0,0.0,1.0,1.0
1591,49,23.0,58,95819,4,2.6,1.0,188,0.0,0.0,0.0,0.0,0.0
290,42,15.0,24,92121,3,1.0,2.0,0,0.0,0.0,0.0,1.0,1.0
3892,65,40.0,63,94701,3,0.5,2.0,0,0.0,0.0,0.0,1.0,0.0
3070,47,20.0,68,91320,1,2.67,2.0,0,0.0,0.0,0.0,1.0,1.0
3317,56,26.0,63,94501,3,2.0,3.0,0,0.0,0.0,0.0,1.0,0.0
974,43,18.0,85,92703,1,4.0,3.0,287,0.0,0.0,0.0,1.0,0.0
4135,35,11.0,85,92154,4,0.1,2.0,131,0.0,0.0,0.0,0.0,0.0
2888,40,16.0,109,94025,2,2.2,1.0,0,0.0,0.0,0.0,1.0,0.0
3762,49,24.0,25,95831,2,0.7,3.0,0,0.0,0.0,0.0,1.0,0.0
2918,55,31.0,34,94305,3,1.5,1.0,101,0.0,0.0,0.0,1.0,0.0
1145,49,24.0,91,95822,1,2.8,2.0,0,0.0,0.0,0.0,0.0,0.0
2805,56,32.0,33,95014,3,1.5,1.0,0,0.0,0.0,0.0,0.0,0.0
4817,50,24.0,83,92333,3,3.0,2.0,0,0.0,0.0,0.0,0.0,1.0
4054,35,11.0,90,94720,2,0.0,1.0,0,0.0,0.0,0.0,0.0,0.0
2240,55,29.0,42,95833,4,2.5,1.0,0,0.0,1.0,0.0,0.0,0.0
1265,58,33.0,138,94546,2,3.9,1.0,0,0.0,0.0,0.0,1.0,0.0
3657,35,8.0,30,95014,4,1.0,2.0,0,0.0,1.0,0.0,0.0,0.0
921,27,1.0,42,94501,3,2.4,2.0,0,0.0,0.0,0.0,0.0,0.0
41,57,32.0,84,92672,3,1.6,3.0,0,0.0,1.0,0.0,0.0,0.0
3575,56,30.0,64,95123,3,0.3,2.0,0,0.0,0.0,0.0,0.0,1.0
4805,58,32.0,40,94124,1,2.8,2.0,0,0.0,0.0,0.0,0.0,0.0
1217,50,25.0,84,91107,1,1.3,3.0,0,0.0,1.0,0.0,1.0,0.0
600,28,4.0,103,94720,2,2.5,1.0,0,0.0,0.0,0.0,1.0,1.0
221,32,6.0,25,92130,2,0.3,1.0,0,0.0,0.0,0.0,0.0,1.0
2199,59,35.0,58,91355,1,0.0,2.0,0,0.0,0.0,0.0,1.0,0.0
2955,31,7.0,42,95822,1,2.4,2.0,0,0.0,0.0,0.0,1.0,1.0
1611,38,14.0,103,94305,1,0.8,2.0,0,0.0,0.0,0.0,0.0,1.0
274,41,16.0,65,90095,3,0.5,3.0,0,0.0,0.0,0.0,1.0,0.0
4768,35,9.0,45,90639,3,0.9,1.0,101,0.0,1.0,0.0,0.0,0.0
2204,50,25.0,130,91320,1,0.6,1.0,311,0.0,0.0,0.0,0.0,0.0
29,56,30.0,48,94539,1,2.2,3.0,0,0.0,0.0,0.0,1.0,1.0
4226,43,18.0,204,91902,2,8.8,1.0,0,0.0,0.0,0.0,1.0,0.0
1014,39,13.0,58,94551,3,2.1,1.0,169,0.0,0.0,0.0,1.0,0.0
518,54,27.0,43,92834,3,1.0,2.0,169,0.0,0.0,0.0,0.0,0.0
3435,56,31.0,53,95521,2,1.6,3.0,78,0.0,0.0,0.0,0.0,0.0
4404,50,24.0,112,92064,1,0.0,1.0,0,0.0,0.0,0.0,0.0,0.0
1481,67,42.0,32,93943,1,1.1,3.0,0,0.0,0.0,0.0,0.0,1.0
3141,33,7.0,31,94303,4,1.0,1.0,0,0.0,0.0,0.0,1.0,1.0
4906,62,37.0,19,93109,3,0.5,1.0,89,0.0,0.0,0.0,0.0,0.0
1359,50,25.0,83,92007,1,2.8,2.0,0,0.0,0.0,0.0,1.0,1.0
3043,52,26.0,78,94301,3,3.0,2.0,0,0.0,0.0,0.0,0.0,0.0
3493,35,9.0,28,94546,1,0.6,3.0,0,0.0,0.0,0.0,0.0,1.0
583,44,18.0,72,95678,1,0.7,3.0,155,0.0,0.0,0.0,0.0,0.0
3516,50,26.0,148,94143,2,0.4,1.0,508,0.0,0.0,0.0,0.0,0.0
258,66,41.0,18,92691,3,0.5,1.0,0,0.0,0.0,0.0,0.0,1.0
1767,64,38.0,22,92697,2,0.2,3.0,0,0.0,1.0,0.0,0.0,0.0
4059,39,15.0,65,92037,1,1.5,3.0,0,0.0,0.0,0.0,0.0,0.0
2564,39,13.0,94,90401,1,1.5,3.0,0,0.0,0.0,0.0,0.0,1.0
4794,45,21.0,59,94703,2,2.5,1.0,155,0.0,0.0,0.0,1.0,0.0
4848,37,11.0,65,94143,2,2.4,2.0,260,0.0,0.0,0.0,1.0,0.0
4678,25,0.0,38,93407,2,1.6,3.0,0,0.0,0.0,0.0,0.0,0.0
1268,50,23.0,23,94720,2,1.0,2.0,0,0.0,1.0,0.0,0.0,0.0
4766,58,34.0,82,94025,1,4.3,1.0,263,0.0,0.0,0.0,0.0,0.0
1953,30,5.0,78,92037,1,2.6,2.0,0,0.0,0.0,0.0,1.0,0.0
3782,65,40.0,118,94104,1,1.3,1.0,333,0.0,0.0,1.0,1.0,1.0
412,60,36.0,54,92182,4,2.3,3.0,0,0.0,1.0,0.0,0.0,0.0
4501,50,26.0,24,94305,4,0.5,2.0,0,0.0,0.0,0.0,0.0,1.0
2450,31,7.0,64,94720,1,1.2,1.0,0,0.0,0.0,0.0,1.0,0.0
4394,24,0.0,59,95521,4,1.6,1.0,0,0.0,0.0,0.0,0.0,0.0
4192,42,15.0,39,91711,3,1.0,2.0,132,0.0,0.0,0.0,0.0,0.0
268,47,22.0,81,90504,1,2.9,1.0,138,0.0,0.0,0.0,0.0,0.0
2626,61,36.0,108,93943,4,3.4,2.0,0,0.0,0.0,0.0,1.0,0.0
2116,57,31.0,30,95070,3,1.4,1.0,0,0.0,0.0,0.0,0.0,0.0
2640,52,26.0,59,95762,3,3.0,2.0,0,0.0,0.0,0.0,1.0,0.0
2650,33,8.0,68,92407,4,1.3,1.0,0,0.0,0.0,0.0,1.0,0.0
1320,32,6.0,35,94005,2,0.3,1.0,0,0.0,0.0,0.0,0.0,1.0
2168,65,40.0,162,94596,1,1.3,1.0,0,0.0,0.0,0.0,1.0,0.0
3433,47,23.0,32,95370,1,1.0,1.0,0,0.0,0.0,0.0,0.0,1.0
2938,62,36.0,89,94022,2,2.0,1.0,0,0.0,0.0,0.0,1.0,1.0
623,41,17.0,92,93555,2,1.9,1.0,131,0.0,0.0,0.0,1.0,0.0
1253,42,17.0,93,92182,4,1.9,3.0,0,0.0,0.0,0.0,0.0,0.0
981,38,13.0,114,92697,1,1.0,3.0,0,0.0,0.0,0.0,1.0,1.0
4124,50,24.0,40,93460,4,2.6,1.0,89,0.0,0.0,0.0,1.0,0.0
263,49,23.0,33,90245,1,0.3,3.0,0,0.0,0.0,1.0,1.0,1.0
308,42,18.0,33,90401,1,1.4,3.0,0,0.0,0.0,0.0,1.0,0.0
868,61,35.0,61,94708,1,1.6,1.0,0,0.0,0.0,0.0,0.0,0.0
1395,52,27.0,33,90095,2,0.7,2.0,0,0.0,0.0,0.0,0.0,1.0
2094,48,23.0,75,94111,4,3.6,3.0,0,0.0,0.0,0.0,1.0,1.0
1992,46,22.0,30,90747,3,0.5,1.0,0,0.0,0.0,0.0,0.0,0.0
2112,60,34.0,40,94105,1,1.6,1.0,0,0.0,0.0,0.0,1.0,0.0
4478,33,9.0,41,92028,1,1.5,2.0,0,0.0,0.0,1.0,1.0,1.0
85,46,22.0,18,91730,1,0.9,3.0,0,0.0,0.0,0.0,1.0,0.0
3268,59,35.0,21,95818,2,1.0,1.0,120,0.0,0.0,0.0,1.0,0.0
2130,35,10.0,58,91754,4,0.7,3.0,232,0.0,0.0,0.0,0.0,0.0
710,29,4.0,72,95841,4,2.2,1.0,0,0.0,0.0,0.0,1.0,0.0
235,26,1.0,80,95616,1,0.8,2.0,150,0.0,0.0,0.0,0.0,0.0
2222,59,33.0,73,92056,2,1.7,3.0,0,0.0,0.0,0.0,1.0,1.0
159,32,6.0,79,94720,2,1.5,3.0,0,0.0,0.0,0.0,1.0,1.0
4188,30,5.0,109,94305,4,2.2,2.0,103,0.0,0.0,0.0,0.0,1.0
1529,34,9.0,134,94550,1,4.6,1.0,164,0.0,1.0,0.0,1.0,0.0
1139,30,6.0,83,93101,4,3.4,1.0,0,0.0,1.0,0.0,1.0,0.0
980,50,26.0,48,94720,4,0.1,3.0,0,0.0,0.0,0.0,0.0,1.0
1444,36,12.0,25,95051,4,1.0,1.0,0,0.0,0.0,0.0,1.0,0.0
2814,48,22.0,14,94303,2,0.1,3.0,0,0.0,0.0,0.0,1.0,0.0
1835,41,16.0,23,94143,2,0.3,2.0,118,0.0,0.0,0.0,0.0,0.0
3521,60,35.0,29,92126,3,1.3,2.0,0,0.0,0.0,0.0,0.0,0.0
3607,43,18.0,9,96145,2,0.0,3.0,96,0.0,0.0,0.0,1.0,1.0
2653,24,0.0,44,90089,4,1.6,1.0,180,0.0,0.0,0.0,1.0,0.0
1080,54,30.0,145,94591,2,6.8,1.0,0,0.0,1.0,0.0,0.0,0.0
1957,42,18.0,89,94539,4,0.8,1.0,184,0.0,0.0,0.0,0.0,0.0
4934,47,23.0,94,92029,1,4.7,1.0,0,0.0,0.0,0.0,1.0,1.0
2283,38,14.0,90,94110,2,2.7,1.0,0,0.0,0.0,0.0,1.0,1.0
2217,64,40.0,89,94707,1,3.8,1.0,0,0.0,0.0,0.0,0.0,0.0
1654,26,1.0,24,96651,2,0.9,3.0,123,0.0,0.0,0.0,0.0,1.0
2447,25,1.0,70,93010,4,2.6,1.0,218,0.0,0.0,0.0,1.0,0.0
4913,51,26.0,28,94061,1,1.3,2.0,94,0.0,1.0,0.0,1.0,0.0
786,46,22.0,164,94122,2,7.6,1.0,0,0.0,0.0,1.0,1.0,1.0
630,45,19.0,71,91711,4,2.9,1.0,218,0.0,0.0,1.0,1.0,1.0
1248,52,28.0,39,94606,2,0.8,1.0,0,0.0,0.0,0.0,1.0,0.0
3526,59,34.0,13,96651,4,0.9,2.0,0,0.0,0.0,0.0,0.0,0.0
3366,38,8.0,21,95060,1,0.67,3.0,0,0.0,0.0,0.0,1.0,0.0
2371,33,7.0,51,94040,4,2.1,3.0,0,0.0,0.0,0.0,0.0,1.0
2343,62,37.0,92,94608,3,0.5,1.0,310,0.0,0.0,0.0,1.0,0.0
3884,40,16.0,98,94534,2,1.8,2.0,98,0.0,0.0,0.0,1.0,0.0
865,28,2.0,10,94080,1,0.1,2.0,0,0.0,0.0,0.0,1.0,0.0
1596,56,26.0,38,94305,3,1.0,3.0,110,0.0,1.0,0.0,1.0,0.0
343,43,19.0,118,91304,2,3.3,1.0,0,0.0,0.0,0.0,0.0,1.0
432,39,13.0,75,94305,3,2.1,1.0,224,0.0,0.0,0.0,1.0,0.0
338,57,27.0,68,94117,1,1.4,3.0,0,0.0,0.0,0.0,1.0,0.0
3726,33,6.0,78,94305,4,2.0,2.0,0,0.0,0.0,0.0,0.0,0.0
553,28,3.0,52,90024,4,2.2,1.0,230,0.0,0.0,0.0,1.0,0.0
3307,47,22.0,65,90840,1,2.4,1.0,0,0.0,0.0,0.0,1.0,0.0
3738,44,19.0,30,91423,1,0.5,3.0,0,0.0,0.0,0.0,1.0,0.0
2010,25,0.0,99,92735,1,1.9,1.0,323,0.0,0.0,0.0,0.0,0.0
44,39,15.0,45,95616,1,0.7,1.0,0,0.0,0.0,0.0,1.0,0.0
164,28,4.0,70,91125,4,2.6,1.0,0,0.0,0.0,0.0,1.0,0.0
3799,55,25.0,35,93943,3,1.0,3.0,144,0.0,0.0,0.0,1.0,1.0
239,57,32.0,28,95831,3,0.2,1.0,0,0.0,0.0,0.0,1.0,1.0
4921,42,16.0,28,94002,4,1.5,3.0,91,0.0,0.0,0.0,1.0,1.0
302,65,39.0,150,92120,2,6.9,1.0,196,0.0,0.0,0.0,0.0,0.0
4130,29,3.0,10,91320,4,0.4,1.0,87,0.0,0.0,0.0,1.0,1.0
4719,32,6.0,35,91107,3,1.0,1.0,0,0.0,1.0,0.0,1.0,0.0
603,29,5.0,135,95035,2,0.6,1.0,0,0.0,0.0,0.0,0.0,0.0
2327,45,19.0,73,94086,4,2.9,1.0,0,0.0,0.0,0.0,0.0,0.0
1107,37,13.0,70,92101,2,2.7,1.0,0,0.0,0.0,0.0,0.0,0.0
339,29,3.0,153,93657,2,2.0,1.0,392,0.0,0.0,0.0,0.0,0.0
1045,49,24.0,79,95827,1,0.2,2.0,83,0.0,0.0,0.0,1.0,1.0
2712,39,14.0,34,94939,4,1.7,1.0,0,0.0,0.0,0.0,1.0,1.0
2433,54,30.0,45,92182,4,0.9,2.0,0,0.0,0.0,0.0,0.0,1.0
2017,41,17.0,93,92835,4,0.8,1.0,218,0.0,0.0,0.0,0.0,0.0
1100,30,6.0,52,92717,3,0.7,2.0,0,0.0,0.0,0.0,1.0,0.0
659,52,26.0,35,91711,3,0.9,3.0,0,0.0,0.0,0.0,0.0,0.0
451,51,25.0,69,95747,1,0.3,1.0,0,0.0,0.0,0.0,1.0,1.0
346,51,27.0,12,92192,4,0.5,2.0,78,0.0,1.0,0.0,1.0,0.0
3365,41,15.0,41,94143,2,2.4,2.0,105,0.0,0.0,0.0,0.0,0.0
3947,25,-1.0,40,93117,3,2.4,2.0,0,0.0,0.0,0.0,1.0,0.0
2244,54,28.0,79,91342,3,1.7,2.0,150,0.0,0.0,0.0,1.0,1.0
4564,28,2.0,188,92350,2,4.5,1.0,0,0.0,1.0,0.0,1.0,0.0
1026,62,37.0,50,94545,3,1.5,1.0,169,0.0,0.0,0.0,1.0,0.0
2959,66,41.0,65,92612,3,2.4,1.0,0,0.0,0.0,0.0,0.0,0.0
1836,47,23.0,171,94546,2,1.4,1.0,284,0.0,0.0,0.0,1.0,1.0
2840,58,33.0,75,90034,2,0.0,3.0,0,0.0,0.0,0.0,1.0,0.0
3616,58,34.0,149,95616,2,6.0,1.0,0,0.0,0.0,0.0,1.0,1.0
558,39,15.0,118,95039,2,1.9,1.0,0,0.0,0.0,0.0,0.0,1.0
4898,43,18.0,44,91345,1,2.4,1.0,0,0.0,0.0,0.0,0.0,0.0
714,34,9.0,84,92009,3,0.6,2.0,0,0.0,0.0,0.0,1.0,0.0
2093,53,23.0,19,92673,4,0.4,3.0,84,0.0,0.0,0.0,1.0,0.0
1674,29,5.0,81,94115,2,2.5,1.0,0,0.0,0.0,0.0,0.0,1.0
3816,43,19.0,28,95053,4,0.3,1.0,96,0.0,0.0,0.0,1.0,0.0
515,27,1.0,74,91730,3,0.3,3.0,0,0.0,0.0,0.0,1.0,0.0
410,49,22.0,82,90019,1,2.67,2.0,125,0.0,0.0,0.0,1.0,0.0
2377,58,33.0,23,91768,3,0.2,1.0,0,0.0,0.0,0.0,0.0,0.0
1916,37,11.0,69,91911,3,2.1,1.0,0,0.0,1.0,0.0,0.0,0.0
1083,30,5.0,85,94115,1,2.6,2.0,0,0.0,0.0,0.0,1.0,0.0
2599,46,20.0,9,94005,1,0.2,1.0,0,0.0,0.0,0.0,1.0,0.0
4926,64,39.0,82,94025,4,3.4,2.0,0,0.0,0.0,0.0,1.0,0.0
680,55,31.0,103,92093,3,1.8,2.0,364,0.0,0.0,0.0,0.0,0.0
4965,53,27.0,110,90245,1,4.9,1.0,0,0.0,0.0,0.0,1.0,0.0
4291,66,42.0,95,94596,2,0.0,3.0,0,0.0,0.0,0.0,1.0,0.0
612,49,23.0,32,94701,4,1.8,1.0,83,0.0,0.0,0.0,0.0,0.0
3337,60,34.0,11,94305,4,0.7,3.0,0,0.0,0.0,0.0,1.0,0.0
82,47,22.0,40,94612,3,2.7,2.0,0,0.0,0.0,0.0,1.0,0.0
4920,41,16.0,68,92122,3,3.0,1.0,0,0.0,0.0,0.0,1.0,1.0
1385,55,31.0,62,91711,1,1.8,3.0,0,0.0,0.0,0.0,1.0,0.0
4197,49,25.0,13,95814,1,0.9,3.0,0,0.0,0.0,0.0,1.0,0.0
3138,61,36.0,13,91711,3,0.5,1.0,0,0.0,0.0,0.0,1.0,0.0
433,43,17.0,91,91311,1,5.7,1.0,0,0.0,0.0,0.0,1.0,0.0
2570,35,10.0,139,90024,1,4.6,1.0,0,0.0,0.0,0.0,0.0,0.0
285,44,19.0,69,92806,3,0.5,3.0,0,0.0,0.0,0.0,1.0,0.0
2644,63,38.0,14,92630,4,0.4,2.0,86,0.0,0.0,0.0,1.0,1.0
3598,56,26.0,51,92028,3,2.0,3.0,0,0.0,0.0,0.0,1.0,0.0
2178,31,7.0,108,94507,1,4.0,1.0,0,0.0,0.0,0.0,1.0,0.0
2910,35,8.0,44,94590,2,1.67,2.0,0,0.0,1.0,0.0,0.0,1.0
3044,47,22.0,42,91754,3,2.7,2.0,0,0.0,0.0,0.0,1.0,1.0
4571,32,6.0,99,91902,2,4.5,3.0,249,0.0,0.0,0.0,1.0,0.0
4486,35,9.0,50,92182,4,2.2,2.0,0,0.0,0.0,0.0,0.0,0.0
1363,31,5.0,85,92130,3,1.6,1.0,157,0.0,0.0,0.0,1.0,1.0
408,64,40.0,58,93437,1,1.8,3.0,0,0.0,0.0,0.0,1.0,0.0
4698,49,22.0,103,91330,3,2.0,2.0,167,0.0,0.0,0.0,0.0,0.0
4408,37,13.0,71,90755,2,1.7,2.0,0,0.0,0.0,0.0,1.0,1.0
64,42,17.0,32,94523,4,0.0,2.0,0,0.0,0.0,0.0,1.0,0.0
4615,56,30.0,15,92093,4,0.7,3.0,102,0.0,0.0,0.0,0.0,0.0
647,58,33.0,61,90033,4,1.7,1.0,0,0.0,0.0,0.0,0.0,0.0
4324,52,28.0,31,92008,4,0.9,2.0,151,0.0,1.0,0.0,1.0,0.0
1876,27,3.0,112,90066,3,2.5,1.0,389,0.0,1.0,0.0,1.0,0.0
3714,46,20.0,74,90064,3,0.7,2.0,0,0.0,0.0,0.0,1.0,1.0
2108,41,17.0,85,90291,4,0.2,3.0,229,0.0,0.0,0.0,0.0,0.0
3999,34,10.0,41,94102,1,1.33,1.0,0,0.0,0.0,0.0,0.0,1.0
4013,30,6.0,124,91320,2,0.6,1.0,0,0.0,0.0,0.0,1.0,0.0
1486,34,9.0,99,90245,4,2.2,2.0,155,0.0,0.0,0.0,1.0,0.0
2998,57,33.0,80,95053,4,1.6,2.0,0,0.0,0.0,0.0,0.0,0.0
1930,44,19.0,30,94501,1,0.6,3.0,0,0.0,0.0,0.0,1.0,0.0
4792,59,35.0,43,91791,4,0.4,1.0,0,0.0,0.0,0.0,0.0,1.0
4556,43,19.0,71,95054,3,0.3,3.0,179,0.0,0.0,0.0,0.0,0.0
2861,27,2.0,20,95064,4,0.5,3.0,0,0.0,0.0,0.0,1.0,0.0
2636,40,14.0,33,95616,2,0.8,3.0,89,0.0,0.0,0.0,1.0,0.0
2063,57,31.0,55,92521,3,2.5,1.0,219,0.0,0.0,1.0,1.0,1.0
1877,62,38.0,123,90210,1,2.9,1.0,0,0.0,0.0,0.0,0.0,0.0
4066,44,19.0,68,94305,1,3.7,3.0,0,0.0,0.0,0.0,1.0,0.0
4968,41,16.0,69,92697,1,0.1,2.0,0,0.0,0.0,0.0,1.0,0.0
2724,54,29.0,72,94558,2,3.7,1.0,144,0.0,0.0,0.0,1.0,0.0
3980,38,14.0,90,93010,2,0.0,1.0,258,0.0,1.0,1.0,1.0,1.0
3631,41,16.0,79,95020,1,4.0,3.0,225,0.0,0.0,0.0,1.0,0.0
4692,41,17.0,65,90024,3,2.1,3.0,0,0.0,0.0,0.0,1.0,0.0
4548,50,25.0,32,94304,2,0.7,2.0,0,0.0,0.0,0.0,1.0,0.0
4498,45,21.0,85,95136,2,3.2,1.0,0,0.0,1.0,0.0,1.0,0.0
2469,49,23.0,133,94304,1,7.3,1.0,0,0.0,0.0,0.0,1.0,1.0
3679,49,25.0,30,92093,4,0.6,1.0,0,0.0,0.0,0.0,0.0,0.0
4997,30,4.0,15,92037,4,0.4,1.0,85,0.0,0.0,0.0,1.0,0.0
3983,24,0.0,119,94566,1,1.5,1.0,0,0.0,0.0,0.0,1.0,0.0
3591,32,7.0,64,92630,2,0.1,1.0,0,0.0,0.0,0.0,1.0,1.0
4550,53,29.0,41,94080,2,0.8,1.0,0,0.0,0.0,0.0,1.0,0.0
3569,30,4.0,194,93407,2,4.5,1.0,0,0.0,0.0,0.0,0.0,1.0
802,47,23.0,8,92612,4,0.2,1.0,0,0.0,0.0,0.0,1.0,0.0
430,37,13.0,78,94998,4,0.1,2.0,0,0.0,0.0,0.0,1.0,0.0
4277,50,24.0,155,92717,1,7.3,1.0,0,0.0,0.0,0.0,1.0,1.0
4205,40,16.0,61,91711,3,2.1,3.0,0,0.0,0.0,0.0,0.0,0.0
2985,54,28.0,94,92709,2,1.1,1.0,188,0.0,0.0,0.0,0.0,0.0
527,26,2.0,205,93106,1,6.33,1.0,271,0.0,0.0,0.0,0.0,1.0
1334,62,38.0,99,95014,4,1.7,2.0,0,0.0,0.0,0.0,1.0,0.0
1553,29,5.0,195,94301,1,4.3,1.0,0,0.0,0.0,0.0,0.0,0.0
3609,59,35.0,202,94025,1,4.7,1.0,553,0.0,0.0,0.0,0.0,0.0
4111,66,41.0,59,95617,3,2.4,1.0,0,0.0,0.0,0.0,0.0,0.0
169,50,26.0,13,91320,4,1.0,1.0,0,0.0,0.0,0.0,1.0,0.0
3967,33,7.0,84,95051,1,2.9,3.0,0,0.0,0.0,0.0,1.0,0.0
4811,58,34.0,11,92037,2,0.3,1.0,96,0.0,0.0,0.0,1.0,0.0
4960,51,27.0,55,93014,1,1.6,2.0,197,0.0,1.0,0.0,1.0,0.0
140,59,35.0,18,93305,1,1.2,3.0,0,0.0,0.0,0.0,1.0,0.0
2276,40,16.0,115,94305,1,3.4,1.0,0,0.0,0.0,0.0,1.0,0.0
1569,59,33.0,72,92350,2,0.7,2.0,226,0.0,0.0,0.0,0.0,0.0
3617,41,15.0,69,92507,1,1.5,3.0,78,0.0,0.0,0.0,1.0,0.0
3900,60,34.0,43,92697,1,1.4,1.0,0,0.0,0.0,0.0,1.0,1.0
419,27,0.0,33,90089,4,1.0,3.0,0,0.0,0.0,0.0,0.0,0.0
2077,49,23.0,119,91030,1,7.3,1.0,398,0.0,0.0,0.0,0.0,0.0
534,27,2.0,101,92807,1,1.9,1.0,0,0.0,0.0,0.0,0.0,0.0
1665,61,35.0,63,91605,1,1.6,1.0,0,0.0,0.0,0.0,1.0,0.0
3495,29,2.0,31,91330,4,1.5,2.0,0,0.0,0.0,0.0,0.0,0.0
1420,30,4.0,39,91105,1,1.5,1.0,0,0.0,0.0,0.0,0.0,1.0
4874,59,35.0,165,94309,2,6.0,1.0,0,0.0,0.0,0.0,1.0,0.0
4897,40,15.0,81,94304,2,0.4,1.0,0,0.0,0.0,0.0,1.0,0.0
3941,41,17.0,53,93727,2,2.5,1.0,102,0.0,0.0,0.0,1.0,0.0
1859,35,11.0,65,90747,3,2.8,1.0,240,0.0,0.0,0.0,1.0,0.0
2752,47,23.0,32,92251,4,0.6,1.0,156,0.0,0.0,0.0,1.0,1.0
2678,32,8.0,70,91423,3,1.5,1.0,0,0.0,0.0,0.0,1.0,0.0
233,46,19.0,38,94122,3,2.5,2.0,135,0.0,0.0,0.0,0.0,0.0
4455,50,24.0,38,94143,3,0.6,2.0,0,0.0,0.0,0.0,1.0,0.0
4351,64,39.0,101,95134,4,3.4,2.0,0,0.0,0.0,0.0,0.0,1.0
4333,53,26.0,12,92672,2,1.0,2.0,0,0.0,0.0,0.0,0.0,1.0
2637,38,13.0,179,93943,1,4.1,1.0,0,0.0,0.0,0.0,1.0,0.0
4668,52,28.0,72,94720,1,1.6,3.0,0,0.0,0.0,0.0,1.0,0.0
2745,51,27.0,10,92121,2,0.2,1.0,86,0.0,0.0,0.0,0.0,0.0
2378,47,23.0,160,92037,2,6.67,1.0,0,0.0,0.0,0.0,0.0,0.0
2751,57,33.0,24,94501,1,0.1,2.0,0,0.0,0.0,0.0,0.0,0.0
602,58,32.0,38,91320,1,1.4,1.0,0,0.0,0.0,0.0,1.0,1.0
4786,30,5.0,23,94304,2,0.9,3.0,0,0.0,1.0,0.0,1.0,0.0
261,51,27.0,58,92407,1,0.0,1.0,0,0.0,0.0,0.0,0.0,1.0
3299,56,32.0,11,94110,2,0.3,1.0,89,0.0,0.0,0.0,0.0,0.0
3549,40,16.0,41,91107,1,2.0,2.0,0,0.0,0.0,0.0,0.0,1.0
3388,63,37.0,25,94035,2,0.2,3.0,0,0.0,0.0,0.0,1.0,0.0
2548,38,13.0,15,90245,2,0.1,2.0,90,0.0,0.0,0.0,1.0,0.0
830,55,30.0,81,90254,4,3.8,2.0,0,0.0,0.0,0.0,1.0,0.0
3002,33,7.0,81,92647,3,1.6,1.0,0,0.0,0.0,0.0,1.0,1.0
2287,62,36.0,42,94122,1,0.5,3.0,128,0.0,0.0,0.0,1.0,0.0
3057,54,29.0,62,94301,4,3.8,2.0,149,0.0,0.0,0.0,1.0,0.0
873,32,7.0,44,90095,4,0.8,1.0,0,0.0,0.0,0.0,1.0,0.0
4755,57,33.0,93,94025,2,1.6,1.0,161,0.0,0.0,0.0,0.0,0.0
1539,55,30.0,34,95820,4,0.1,3.0,157,0.0,0.0,0.0,1.0,0.0
2348,64,39.0,8,92104,3,0.1,3.0,87,0.0,0.0,0.0,0.0,1.0
1278,45,20.0,194,92110,2,8.8,1.0,428,0.0,0.0,0.0,0.0,0.0
264,27,1.0,74,92121,4,1.8,2.0,112,0.0,0.0,0.0,1.0,1.0
2317,54,30.0,112,94920,2,6.8,1.0,0,0.0,0.0,0.0,1.0,0.0
756,56,30.0,45,91103,4,0.7,2.0,0,0.0,0.0,0.0,0.0,1.0
556,34,8.0,35,92037,4,0.8,1.0,137,0.0,0.0,1.0,1.0,1.0
1443,39,13.0,71,95822,3,0.1,1.0,162,0.0,1.0,0.0,1.0,0.0
3691,63,39.0,41,95449,2,1.1,1.0,0,0.0,0.0,0.0,0.0,0.0
1963,28,4.0,155,90019,1,6.33,1.0,0,0.0,0.0,0.0,0.0,0.0
2122,41,17.0,38,92182,4,2.2,2.0,180,0.0,0.0,0.0,0.0,1.0
495,41,17.0,160,92647,2,8.0,1.0,0,0.0,0.0,0.0,1.0,0.0
1784,53,27.0,192,94720,1,1.7,1.0,601,0.0,0.0,0.0,1.0,0.0
1316,49,25.0,53,95134,2,1.0,3.0,181,0.0,0.0,0.0,0.0,0.0
3314,48,24.0,24,91950,1,0.9,3.0,0,0.0,0.0,0.0,0.0,0.0
2846,62,36.0,85,90019,2,1.7,3.0,98,0.0,0.0,0.0,0.0,0.0
4851,63,39.0,119,91330,1,2.9,1.0,0,0.0,1.0,0.0,1.0,0.0
2253,58,32.0,41,95819,3,1.4,1.0,0,0.0,0.0,0.0,1.0,0.0
2083,32,7.0,55,91301,4,2.0,2.0,0,0.0,0.0,0.0,1.0,0.0
1113,52,28.0,51,94949,1,1.6,3.0,0,0.0,1.0,0.0,0.0,1.0
919,41,16.0,64,92325,3,0.5,3.0,0,0.0,0.0,0.0,0.0,0.0
1603,40,14.0,74,90245,4,1.4,2.0,0,0.0,0.0,0.0,1.0,0.0
4902,26,0.0,54,96094,3,1.1,2.0,0,0.0,0.0,0.0,1.0,0.0
4012,47,21.0,88,94304,2,1.7,2.0,0,0.0,0.0,0.0,1.0,0.0
4038,52,28.0,72,91335,1,0.0,1.0,178,0.0,0.0,0.0,0.0,0.0
901,30,4.0,51,94709,4,0.2,1.0,172,0.0,0.0,0.0,0.0,1.0
111,41,14.0,9,91330,3,1.0,2.0,0,0.0,0.0,0.0,0.0,0.0
628,45,19.0,70,92677,3,2.1,1.0,0,0.0,0.0,0.0,1.0,0.0
1817,45,19.0,91,92373,2,1.7,2.0,0,0.0,1.0,0.0,1.0,0.0
4753,39,14.0,178,92123,1,4.1,1.0,207,0.0,0.0,0.0,1.0,0.0
3361,48,24.0,133,90740,1,5.0,1.0,0,0.0,0.0,0.0,0.0,0.0
2574,58,34.0,80,90095,2,1.6,1.0,0,0.0,0.0,0.0,1.0,1.0
1647,52,26.0,93,91745,1,2.4,1.0,0,0.0,0.0,0.0,1.0,0.0
3016,44,18.0,68,92673,4,2.9,1.0,0,0.0,1.0,0.0,0.0,1.0
1463,47,21.0,15,95207,4,0.6,3.0,77,0.0,0.0,0.0,1.0,0.0
4757,30,4.0,78,92677,4,2.2,2.0,236,0.0,1.0,0.0,0.0,0.0
368,32,8.0,98,95054,2,2.0,2.0,175,0.0,0.0,0.0,1.0,0.0
3783,30,5.0,80,91311,4,2.2,2.0,0,0.0,1.0,0.0,1.0,0.0
4756,59,35.0,151,93106,2,6.0,1.0,0,0.0,0.0,0.0,1.0,0.0
4416,60,35.0,65,90245,2,1.5,1.0,220,0.0,0.0,0.0,0.0,1.0
131,28,4.0,81,94801,3,1.5,1.0,276,0.0,0.0,0.0,1.0,0.0
1912,60,35.0,52,94709,3,0.5,2.0,0,0.0,0.0,0.0,0.0,0.0
965,27,1.0,78,92037,4,2.3,3.0,157,0.0,1.0,0.0,1.0,0.0
1608,55,29.0,21,92028,4,0.7,3.0,0,0.0,0.0,0.0,0.0,0.0
206,38,12.0,91,95616,4,1.4,2.0,100,0.0,0.0,0.0,0.0,1.0
3349,61,35.0,18,94303,3,0.3,3.0,0,0.0,0.0,0.0,0.0,0.0
3093,43,18.0,113,90036,2,0.4,1.0,325,0.0,1.0,0.0,0.0,0.0
3802,34,8.0,20,95616,2,0.3,1.0,106,0.0,0.0,0.0,1.0,1.0
898,62,37.0,21,92691,4,0.4,2.0,137,0.0,0.0,0.0,1.0,1.0
406,36,11.0,133,90245,1,3.8,1.0,290,0.0,1.0,1.0,1.0,1.0
4474,31,5.0,18,92115,2,0.3,1.0,124,0.0,0.0,0.0,1.0,1.0
1400,40,16.0,69,92009,4,2.4,1.0,0,0.0,0.0,0.0,1.0,0.0
3643,55,29.0,21,92704,4,0.7,3.0,0,0.0,1.0,0.0,1.0,0.0
478,64,39.0,24,95112,4,0.4,2.0,78,0.0,0.0,0.0,1.0,0.0
1572,37,13.0,73,95758,4,2.4,1.0,0,0.0,0.0,0.0,0.0,0.0
283,34,9.0,71,91711,4,0.7,3.0,0,0.0,0.0,0.0,1.0,0.0
2486,61,36.0,48,94025,3,1.5,1.0,0,0.0,0.0,0.0,0.0,1.0
4304,45,21.0,134,94550,2,3.3,1.0,0,0.0,0.0,0.0,1.0,1.0
4470,40,14.0,53,94025,3,0.5,3.0,0,0.0,1.0,1.0,1.0,1.0
4958,29,-1.0,50,95842,2,1.75,3.0,0,0.0,0.0,0.0,0.0,1.0
3853,33,7.0,15,92152,1,0.4,2.0,82,0.0,1.0,1.0,1.0,1.0
1126,37,13.0,172,95003,2,6.5,1.0,0,0.0,0.0,0.0,0.0,0.0
2407,31,7.0,10,92354,1,0.5,3.0,81,0.0,0.0,0.0,1.0,0.0
154,60,36.0,22,94551,2,1.0,1.0,0,0.0,1.0,1.0,1.0,1.0
3712,27,1.0,20,94720,4,0.4,1.0,99,0.0,0.0,0.0,1.0,0.0
1175,36,10.0,42,93106,4,1.2,2.0,0,0.0,0.0,0.0,1.0,1.0
2342,36,10.0,91,92028,1,1.5,3.0,289,0.0,0.0,0.0,1.0,0.0
22,57,27.0,63,90095,3,2.0,3.0,0,0.0,0.0,0.0,1.0,0.0
1255,36,12.0,40,91101,2,0.6,3.0,0,0.0,0.0,0.0,1.0,1.0
4642,36,11.0,31,94022,4,1.7,1.0,124,0.0,0.0,0.0,1.0,1.0
3185,39,15.0,141,92354,2,8.0,1.0,0,0.0,0.0,0.0,1.0,0.0
301,34,9.0,70,92843,4,1.3,1.0,0,0.0,1.0,0.0,0.0,0.0
3700,46,22.0,83,94501,4,1.4,2.0,0,0.0,0.0,0.0,1.0,1.0
2710,28,4.0,69,94305,3,0.7,2.0,170,0.0,0.0,0.0,0.0,0.0
4163,61,37.0,41,94704,1,0.8,1.0,0,0.0,0.0,0.0,1.0,1.0
4969,58,32.0,41,93022,4,2.5,1.0,0,0.0,0.0,0.0,1.0,1.0
2903,56,30.0,50,94022,4,2.8,2.0,0,0.0,1.0,0.0,1.0,0.0
2834,46,22.0,152,90009,2,1.4,1.0,0,0.0,0.0,0.0,1.0,0.0
171,27,1.0,138,90250,2,2.0,1.0,0,0.0,0.0,0.0,1.0,0.0
4391,52,26.0,62,95134,4,2.8,2.0,0,0.0,0.0,0.0,1.0,0.0
4638,44,19.0,85,92054,4,1.9,3.0,0,0.0,0.0,0.0,1.0,1.0
3068,31,5.0,101,94501,1,2.9,3.0,170,0.0,1.0,0.0,0.0,0.0
3866,56,30.0,64,93105,3,2.5,1.0,0,0.0,0.0,0.0,0.0,0.0
3447,56,32.0,120,90232,1,7.4,1.0,186,0.0,0.0,0.0,1.0,0.0
3599,37,11.0,61,95120,3,0.9,2.0,0,0.0,0.0,0.0,0.0,0.0
2681,60,30.0,31,95060,1,1.5,3.0,0,0.0,0.0,0.0,1.0,0.0
3172,39,12.0,62,91910,3,2.33,2.0,0,0.0,0.0,0.0,0.0,0.0
2186,54,30.0,69,92009,1,1.6,3.0,0,0.0,0.0,0.0,1.0,1.0
1563,34,9.0,89,91763,1,0.0,1.0,0,0.0,0.0,0.0,1.0,0.0
3527,58,33.0,9,95008,2,0.2,3.0,0,0.0,0.0,0.0,1.0,0.0
4306,26,1.0,54,91709,2,1.6,3.0,0,0.0,1.0,0.0,0.0,0.0
1587,59,33.0,50,94122,2,2.3,3.0,0,0.0,0.0,0.0,0.0,1.0
1254,57,33.0,45,92346,4,1.5,1.0,204,0.0,0.0,0.0,1.0,0.0
3789,32,7.0,82,95616,2,2.5,1.0,221,0.0,0.0,0.0,1.0,1.0
2676,31,1.0,70,92115,2,1.75,3.0,0,0.0,0.0,1.0,1.0,1.0
2605,37,10.0,35,92521,4,1.0,2.0,0,0.0,0.0,0.0,0.0,0.0
2398,47,22.0,93,90266,1,0.2,2.0,309,0.0,0.0,0.0,1.0,0.0
548,44,14.0,44,94132,3,2.0,3.0,180,0.0,1.0,1.0,1.0,1.0
3666,43,19.0,70,91711,3,2.33,1.0,0,0.0,1.0,0.0,0.0,0.0
3826,30,6.0,69,94305,4,3.4,1.0,188,0.0,0.0,0.0,0.0,1.0
2019,63,39.0,160,90089,2,2.1,1.0,0,0.0,0.0,0.0,1.0,1.0
4312,32,8.0,14,90034,3,0.9,3.0,111,0.0,0.0,0.0,0.0,0.0
4030,31,5.0,90,94301,2,1.3,1.0,0,0.0,1.0,0.0,1.0,0.0
2705,38,13.0,191,91710,2,3.0,1.0,0,0.0,0.0,0.0,1.0,0.0
1742,45,21.0,121,94066,1,4.7,1.0,0,0.0,0.0,0.0,0.0,0.0
3792,41,17.0,80,91330,1,0.3,1.0,0,0.0,0.0,0.0,0.0,0.0
3640,51,26.0,191,94063,1,8.1,1.0,0,0.0,1.0,0.0,1.0,0.0
696,29,4.0,115,92717,1,1.9,1.0,0,0.0,0.0,0.0,0.0,0.0
490,53,28.0,43,91380,2,2.1,3.0,0,0.0,0.0,1.0,1.0,1.0
642,35,10.0,139,95060,2,7.8,1.0,0,0.0,0.0,0.0,0.0,0.0
877,40,14.0,58,94025,2,2.8,1.0,0,0.0,0.0,0.0,1.0,0.0
3,39,15.0,11,94720,1,1.0,1.0,0,0.0,0.0,0.0,0.0,0.0
462,55,30.0,81,92123,2,3.7,1.0,0,0.0,1.0,0.0,0.0,0.0
3073,54,30.0,51,92821,2,3.2,3.0,0,0.0,0.0,0.0,0.0,0.0
1796,49,24.0,70,90024,1,2.9,1.0,0,0.0,0.0,0.0,0.0,1.0
2109,56,32.0,85,94132,3,2.67,1.0,0,0.0,1.0,0.0,1.0,0.0
4597,37,13.0,61,95131,3,2.8,1.0,0,0.0,0.0,0.0,0.0,0.0
1531,47,21.0,20,94066,1,0.2,1.0,0,0.0,0.0,0.0,1.0,1.0
4593,43,18.0,53,92115,3,0.8,3.0,154,0.0,0.0,0.0,0.0,0.0
1678,34,10.0,42,92173,1,1.5,2.0,131,0.0,0.0,0.0,0.0,0.0
1507,52,27.0,25,95138,2,0.0,1.0,0,0.0,0.0,0.0,1.0,1.0
310,62,38.0,91,95929,1,3.8,1.0,0,0.0,1.0,0.0,1.0,0.0
2359,53,27.0,63,93109,2,0.8,3.0,0,0.0,1.0,0.0,1.0,0.0
2501,28,2.0,121,92096,2,2.0,1.0,341,0.0,0.0,0.0,1.0,0.0
1664,57,32.0,42,95070,3,0.5,2.0,0,0.0,1.0,0.0,1.0,0.0
3053,54,30.0,75,94720,2,3.2,3.0,0,0.0,0.0,0.0,0.0,1.0
3485,45,18.0,53,92104,3,2.5,2.0,112,0.0,0.0,0.0,0.0,0.0
75,28,3.0,135,94611,2,3.3,1.0,0,0.0,0.0,0.0,0.0,1.0
4807,62,37.0,39,93117,3,1.5,1.0,0,0.0,0.0,0.0,1.0,0.0
3484,60,36.0,195,90066,1,4.7,1.0,0,0.0,0.0,0.0,1.0,0.0
733,26,1.0,85,90064,1,1.9,1.0,0,0.0,0.0,0.0,1.0,0.0
1309,54,24.0,50,92037,3,2.0,3.0,0,0.0,0.0,0.0,1.0,1.0
1778,52,27.0,34,93117,2,0.7,2.0,114,0.0,0.0,0.0,1.0,1.0
1271,43,18.0,60,91311,2,2.2,3.0,0,0.0,0.0,0.0,0.0,1.0
65,47,23.0,105,90024,2,3.3,1.0,0,0.0,0.0,0.0,0.0,0.0
3254,55,30.0,35,94025,1,1.5,2.0,118,0.0,0.0,0.0,0.0,1.0
4321,40,15.0,143,94801,1,4.1,1.0,0,0.0,0.0,0.0,1.0,0.0
4596,32,7.0,101,90232,4,2.2,2.0,0,0.0,0.0,0.0,1.0,0.0
199,27,3.0,59,94123,4,0.0,1.0,90,0.0,1.0,0.0,1.0,0.0
3227,32,8.0,82,93943,3,1.5,1.0,0,0.0,0.0,0.0,1.0,1.0
114,58,34.0,92,92703,2,2.8,1.0,103,0.0,0.0,0.0,0.0,0.0
2990,42,18.0,142,93106,1,3.4,1.0,496,0.0,0.0,0.0,1.0,0.0
1715,51,27.0,155,94720,2,0.4,1.0,107,0.0,0.0,0.0,0.0,1.0
4086,28,2.0,53,94609,3,2.4,2.0,0,0.0,0.0,0.0,1.0,0.0
2878,58,32.0,74,95817,2,2.3,3.0,0,0.0,0.0,0.0,0.0,1.0
1021,54,29.0,29,90071,1,1.5,2.0,97,0.0,0.0,0.0,1.0,0.0
3173,35,9.0,23,95670,4,0.3,1.0,0,0.0,0.0,0.0,0.0,0.0
3958,40,15.0,75,95449,4,1.1,2.0,0,0.0,0.0,0.0,1.0,0.0
3136,25,0.0,91,95039,2,1.8,2.0,321,0.0,0.0,0.0,0.0,0.0
166,27,1.0,43,94706,1,1.5,1.0,0,0.0,0.0,0.0,1.0,0.0
2250,41,14.0,38,95814,3,1.0,2.0,150,0.0,0.0,0.0,1.0,0.0
1867,48,24.0,90,94523,1,2.6,2.0,334,0.0,0.0,0.0,1.0,0.0
2915,42,18.0,42,95929,2,1.7,1.0,0,0.0,0.0,0.0,1.0,0.0
57,55,30.0,29,94005,3,0.1,2.0,0,0.0,1.0,1.0,1.0,0.0
2909,57,32.0,22,95616,3,0.1,2.0,0,0.0,0.0,0.0,1.0,0.0
3430,39,14.0,28,91320,2,1.4,2.0,108,0.0,0.0,0.0,0.0,1.0
4421,62,38.0,149,92130,1,4.7,1.0,0,0.0,0.0,0.0,1.0,0.0
3048,57,33.0,149,95060,1,4.7,1.0,0,0.0,1.0,0.0,0.0,0.0
3839,37,11.0,71,94501,2,1.8,1.0,127,0.0,1.0,0.0,0.0,0.0
3849,57,32.0,84,93106,4,1.3,3.0,0,0.0,0.0,0.0,0.0,1.0
1669,63,37.0,20,90066,1,0.8,2.0,0,0.0,1.0,0.0,0.0,1.0
721,58,32.0,38,94025,1,2.2,3.0,0,0.0,0.0,0.0,0.0,0.0
4189,30,4.0,45,90041,4,1.3,3.0,0,0.0,0.0,0.0,0.0,0.0
4363,28,2.0,55,93940,3,1.1,2.0,0,0.0,0.0,0.0,0.0,0.0
2625,47,21.0,82,94109,3,2.1,1.0,0,0.0,0.0,0.0,0.0,0.0
2059,33,7.0,18,92093,1,0.6,3.0,0,0.0,0.0,0.0,0.0,0.0
1588,52,28.0,21,94035,2,0.4,1.0,0,0.0,1.0,0.0,1.0,0.0
3978,54,27.0,51,94309,3,1.0,2.0,113,0.0,1.0,1.0,1.0,1.0
1229,56,30.0,45,92870,1,0.2,1.0,98,0.0,0.0,0.0,0.0,0.0
3334,37,13.0,79,91711,4,0.1,2.0,280,0.0,0.0,0.0,1.0,0.0
1430,31,5.0,35,95064,1,0.6,3.0,171,0.0,0.0,0.0,0.0,0.0
2251,46,22.0,154,93109,1,5.0,1.0,0,0.0,0.0,0.0,1.0,0.0
677,47,23.0,11,94063,1,0.9,3.0,103,0.0,0.0,0.0,0.0,1.0
2171,39,13.0,52,95039,3,0.5,3.0,0,0.0,1.0,0.0,0.0,1.0
3950,31,5.0,23,93407,1,0.4,2.0,0,0.0,0.0,0.0,1.0,1.0
1639,32,7.0,125,95133,1,0.0,1.0,0,0.0,0.0,0.0,1.0,1.0
728,62,37.0,18,92037,3,1.3,2.0,0,0.0,0.0,0.0,1.0,0.0
801,31,7.0,173,91040,1,6.0,1.0,0,0.0,0.0,0.0,1.0,0.0
3152,43,19.0,20,94110,3,0.5,1.0,0,0.0,0.0,0.0,0.0,0.0
4410,43,19.0,75,91765,4,0.2,3.0,102,0.0,0.0,0.0,1.0,0.0
3566,40,15.0,43,92120,2,1.1,2.0,0,0.0,0.0,0.0,0.0,1.0
706,62,36.0,30,94720,3,0.7,2.0,0,0.0,0.0,0.0,1.0,0.0
4636,30,5.0,85,91910,2,2.5,1.0,293,0.0,1.0,1.0,1.0,1.0
2758,63,38.0,50,93943,2,2.8,1.0,205,0.0,0.0,0.0,0.0,0.0
958,56,32.0,88,94309,2,0.3,1.0,0,0.0,0.0,0.0,1.0,0.0
2038,35,8.0,52,95616,2,1.0,2.0,0,0.0,0.0,0.0,0.0,1.0
2817,50,26.0,128,92780,2,0.4,1.0,0,0.0,0.0,0.0,1.0,0.0
3239,52,28.0,49,94928,4,1.1,2.0,0,0.0,0.0,0.0,1.0,0.0
454,54,28.0,53,92109,4,2.8,2.0,0,0.0,1.0,0.0,0.0,0.0
315,63,37.0,45,93437,2,0.7,3.0,0,0.0,0.0,0.0,1.0,0.0
4403,55,25.0,52,90095,1,1.4,3.0,207,0.0,1.0,0.0,0.0,0.0
2080,26,2.0,40,94132,1,1.0,3.0,0,0.0,0.0,0.0,1.0,0.0
208,34,10.0,71,94115,4,0.1,2.0,0,0.0,0.0,0.0,0.0,0.0
2393,44,20.0,138,94143,2,3.3,1.0,0,0.0,0.0,0.0,0.0,1.0
2086,50,24.0,45,94105,3,0.6,2.0,117,0.0,0.0,0.0,1.0,0.0
3356,49,23.0,93,90036,1,2.4,1.0,0,0.0,0.0,0.0,1.0,1.0
115,39,14.0,39,92354,3,0.5,3.0,0,0.0,0.0,0.0,1.0,0.0
1209,50,26.0,48,91711,1,1.6,2.0,0,0.0,0.0,0.0,0.0,1.0
1347,44,20.0,50,95670,3,2.33,1.0,200,0.0,0.0,0.0,0.0,0.0
4554,50,25.0,44,92093,2,0.7,2.0,192,0.0,0.0,0.0,1.0,0.0
1041,36,6.0,78,91107,4,1.8,3.0,163,0.0,0.0,0.0,0.0,0.0
2481,39,13.0,50,91768,2,2.4,2.0,0,0.0,0.0,0.0,0.0,0.0
3202,28,3.0,81,92121,4,0.2,1.0,0,0.0,0.0,0.0,0.0,0.0
4497,51,25.0,45,95616,4,2.6,1.0,0,0.0,0.0,0.0,0.0,0.0
716,47,23.0,32,92130,1,1.0,1.0,0,0.0,1.0,1.0,1.0,1.0
3288,39,13.0,32,90747,2,0.8,3.0,0,0.0,0.0,0.0,1.0,0.0
1931,56,29.0,51,94080,3,1.0,2.0,0,0.0,0.0,0.0,1.0,0.0
2391,33,9.0,41,95814,3,2.0,1.0,108,0.0,0.0,0.0,1.0,0.0
1663,63,38.0,84,94607,4,0.1,2.0,0,0.0,0.0,0.0,0.0,0.0
744,61,37.0,40,94539,4,2.2,1.0,0,0.0,1.0,1.0,1.0,1.0
484,29,5.0,30,90095,3,1.0,2.0,0,0.0,0.0,0.0,0.0,0.0
754,49,23.0,49,94720,1,1.2,2.0,0,0.0,0.0,0.0,1.0,1.0
4539,51,24.0,85,94305,3,2.0,2.0,0,0.0,0.0,0.0,0.0,0.0
2944,56,32.0,83,91320,4,1.6,2.0,0,0.0,0.0,0.0,0.0,0.0
1441,42,15.0,41,94610,3,2.5,2.0,0,0.0,0.0,0.0,1.0,0.0
4889,25,1.0,121,93106,1,5.4,1.0,158,0.0,0.0,0.0,1.0,0.0
2484,44,18.0,68,93943,4,2.9,1.0,0,0.0,1.0,0.0,0.0,0.0
359,30,6.0,141,94539,2,4.33,1.0,0,0.0,0.0,0.0,1.0,0.0
1414,48,24.0,12,90058,3,0.4,1.0,0,0.0,0.0,0.0,0.0,0.0
4929,57,33.0,28,90245,1,1.2,3.0,98,0.0,0.0,0.0,1.0,0.0
242,48,22.0,71,91711,1,1.4,3.0,0,0.0,0.0,0.0,0.0,1.0
1300,50,25.0,14,95762,2,0.7,3.0,0,0.0,1.0,0.0,1.0,0.0
3434,34,9.0,60,94306,4,1.3,1.0,0,0.0,1.0,0.0,0.0,0.0
4949,44,20.0,43,95032,1,0.7,1.0,0,0.0,0.0,0.0,0.0,1.0
3524,29,4.0,150,91302,1,0.8,1.0,0,0.0,0.0,0.0,0.0,1.0
3942,57,33.0,79,94588,1,2.7,2.0,294,0.0,0.0,0.0,1.0,1.0
4867,41,17.0,71,94801,2,3.2,1.0,0,0.0,0.0,0.0,1.0,1.0
3393,32,7.0,58,92612,1,1.0,1.0,0,0.0,0.0,0.0,1.0,0.0
4337,44,19.0,44,90509,4,0.0,2.0,0,0.0,0.0,0.0,0.0,0.0
3755,63,37.0,112,93106,4,2.4,3.0,0,0.0,0.0,0.0,1.0,1.0
2138,65,40.0,83,92354,4,0.1,2.0,247,0.0,0.0,0.0,1.0,0.0
2961,55,29.0,38,90035,4,1.5,3.0,0,0.0,0.0,0.0,0.0,1.0
4392,46,22.0,113,94105,2,3.3,1.0,0,0.0,0.0,0.0,0.0,1.0
1346,57,32.0,23,92126,2,0.2,3.0,0,0.0,0.0,0.0,0.0,0.0
838,30,4.0,24,92096,1,0.4,2.0,81,0.0,0.0,0.0,1.0,0.0
1537,36,12.0,73,95617,4,2.0,3.0,188,0.0,0.0,0.0,1.0,0.0
4451,44,20.0,45,94111,2,2.5,1.0,0,0.0,0.0,0.0,1.0,0.0
180,62,37.0,11,91942,1,0.1,1.0,0,0.0,0.0,0.0,1.0,0.0
2323,62,37.0,129,94143,1,1.3,1.0,0,0.0,0.0,0.0,1.0,0.0
3427,31,5.0,115,90025,2,1.5,3.0,189,0.0,0.0,0.0,1.0,0.0
2764,55,31.0,13,93943,4,0.7,1.0,0,0.0,0.0,0.0,1.0,0.0
715,50,23.0,98,92068,3,2.0,2.0,0,0.0,0.0,0.0,0.0,0.0
243,41,16.0,75,94005,1,3.7,3.0,280,0.0,0.0,0.0,0.0,0.0
3122,28,2.0,13,91791,4,0.4,1.0,0,0.0,0.0,0.0,0.0,1.0
1388,35,10.0,38,95762,4,1.7,1.0,0,0.0,0.0,0.0,1.0,1.0
1198,48,23.0,8,92866,1,0.4,3.0,0,0.0,0.0,0.0,0.0,1.0
2479,30,5.0,178,94063,2,6.7,1.0,0,0.0,0.0,0.0,0.0,0.0
3373,55,29.0,81,94928,4,4.9,1.0,209,0.0,0.0,0.0,1.0,0.0
935,58,33.0,81,91320,2,0.0,3.0,0,0.0,0.0,0.0,1.0,0.0
2436,34,9.0,102,92115,4,2.2,2.0,0,0.0,0.0,0.0,1.0,0.0
1087,63,37.0,40,94024,2,1.0,3.0,167,0.0,0.0,0.0,0.0,0.0
2,45,19.0,34,90089,3,1.5,1.0,0,0.0,1.0,0.0,0.0,0.0
4238,60,34.0,78,90401,3,4.4,1.0,0,0.0,1.0,0.0,0.0,0.0
2543,54,30.0,79,92630,4,1.6,2.0,0,0.0,0.0,0.0,1.0,0.0
1704,65,41.0,40,94542,3,0.1,3.0,0,0.0,0.0,0.0,1.0,0.0
797,30,6.0,82,93657,2,2.5,1.0,0,0.0,0.0,0.0,0.0,0.0
2056,49,23.0,25,90274,1,1.4,3.0,0,0.0,0.0,0.0,1.0,0.0
1208,38,12.0,43,94301,4,1.2,2.0,0,0.0,0.0,0.0,0.0,1.0
402,29,2.0,30,95747,4,1.5,2.0,112,0.0,0.0,0.0,0.0,1.0
4527,36,9.0,40,92518,2,1.67,2.0,129,0.0,1.0,0.0,1.0,0.0
4907,54,28.0,49,94608,1,2.2,3.0,128,0.0,0.0,0.0,0.0,0.0
1123,32,7.0,38,90041,1,1.0,1.0,0,0.0,0.0,0.0,1.0,0.0
2798,65,39.0,53,94608,1,2.5,3.0,0,0.0,0.0,0.0,1.0,0.0
4171,31,7.0,44,93561,1,1.2,1.0,0,0.0,0.0,0.0,1.0,1.0
3312,49,25.0,24,95819,1,0.3,1.0,0,0.0,0.0,0.0,0.0,0.0
2696,40,15.0,8,94960,2,0.1,2.0,0,0.0,0.0,0.0,0.0,0.0
720,61,35.0,110,92521,3,4.4,1.0,0,0.0,1.0,0.0,1.0,0.0
4782,35,9.0,25,94526,3,0.1,2.0,0,0.0,1.0,0.0,1.0,0.0
3901,51,27.0,12,92834,3,0.4,1.0,0,0.0,1.0,1.0,1.0,1.0
160,61,35.0,41,94545,4,1.7,2.0,0,0.0,1.0,0.0,1.0,0.0
2633,50,24.0,81,94720,1,4.9,1.0,248,0.0,0.0,0.0,1.0,0.0
3707,58,33.0,51,94305,2,1.6,3.0,123,0.0,0.0,0.0,1.0,0.0
51,32,8.0,8,92093,4,0.7,2.0,0,0.0,1.0,0.0,1.0,0.0
3189,55,25.0,90,90717,2,4.5,3.0,0,0.0,0.0,0.0,0.0,1.0
923,32,6.0,38,92868,1,0.3,1.0,0,0.0,1.0,1.0,1.0,0.0
1269,34,9.0,62,92677,3,2.3,1.0,0,0.0,0.0,0.0,0.0,0.0
1311,62,36.0,21,95616,3,0.3,3.0,0,0.0,0.0,0.0,0.0,0.0
2430,33,7.0,58,95616,4,2.2,2.0,0,0.0,0.0,0.0,1.0,1.0
1651,31,6.0,83,92131,4,2.2,2.0,106,0.0,0.0,0.0,1.0,0.0
775,55,29.0,39,92154,1,0.2,1.0,0,0.0,0.0,0.0,0.0,1.0
3371,39,13.0,59,90033,3,0.9,3.0,199,0.0,1.0,0.0,1.0,0.0
2320,34,9.0,198,95819,2,3.0,1.0,422,0.0,0.0,0.0,1.0,0.0
