fixed acidity;"volatile acidity""""";"citric acid""""";"residual sugar""""";"chlorides""""";"free sulfur dioxide""""";"total sulfur dioxide""""";"density""""";"pH""""";"sulphates""""";"alcohol""""";"quality"""""""
6.7;0.16;0.49;2.4;0.046;57.0;187.0;0.9952;3.62;0.81;10.4;6
7.3;0.24;0.43;2.0;0.021;20.0;69.0;0.99;3.08;0.56;12.2;6
6.1;0.3;0.56;2.7;0.046;46.0;184.0;0.9924;3.31;0.57;10.9;6
6.9;0.35;0.39;2.4;0.048;25.0;157.0;0.9913299999999999;3.2;0.54;11.1;7
5.7;0.26;0.27;4.1;0.201;73.5;189.5;0.9942;3.27;0.38;9.4;6
7.0;0.24;0.36;4.9;0.083;10.0;133.0;0.9942;3.33;0.37;10.8;6
7.6;0.15;0.4;1.3;0.036000000000000004;24.0;112.0;0.9932;3.14;0.76;10.0;5
8.0;0.45;0.28;10.8;0.051;25.0;157.0;0.9957;3.06;0.47;11.4;7
7.6;0.17;0.35;1.6;0.047;43.0;154.0;0.9934;3.36;0.69;11.1;6
6.8;0.18;0.3;12.8;0.062;19.0;171.0;0.99808;3.0;0.52;9.0;7
8.8;0.33;0.44;6.35;0.024;9.0;87.0;0.9917;2.96;0.4;12.6;7
5.7;0.23;0.28;9.65;0.025;26.0;121.0;0.9925;3.28;0.38;11.3;6
6.7;0.11;0.26;14.8;0.053;44.0;95.0;0.9967600000000001;3.2;0.35;9.8;6
7.1;0.28;0.44;1.8;0.032;32.0;107.0;0.9907;3.25;0.48;12.2;7
7.6;0.1;0.33;1.0;0.031;33.0;93.0;0.9909399999999999;3.06;0.68;11.2;6
7.6;0.23;0.26;15.3;0.067;32.0;166.0;0.9986;3.03;0.44;9.2;4
7.4;0.25;0.36;13.2;0.067;53.0;178.0;0.9976;3.01;0.48;9.0;6
9.7;0.14;0.59;1.5;0.049;23.0;142.0;0.9958;2.98;0.62;9.5;5
7.0;0.21;0.37;7.2;0.042;36.0;167.0;0.9958;3.26;0.56;9.8;6
6.9;0.26;0.29;4.2;0.043;33.0;114.0;0.9902;3.16;0.31;12.5;6
8.3;0.2;0.49;1.7;0.04;34.0;169.0;0.9938;3.05;0.37;10.1;5
8.5;0.28;0.34;13.8;0.040999999999999995;32.0;161.0;0.9981;3.13;0.4;9.9;6
6.5;0.4;0.31;3.5;0.046;22.0;147.0;0.99024;3.15;0.31;12.0;7
9.5;0.21;0.47;1.3;0.039;21.0;123.0;0.9959;2.9;0.64;9.5;5
6.9;0.22;0.32;9.3;0.04;22.0;110.0;0.9958;3.34;0.54;10.7;7
7.4;0.29;0.31;1.7;0.035;23.0;110.0;0.9926;3.07;0.38;10.9;5
6.7;0.26;0.39;6.4;0.171;64.0;200.0;0.9956200000000001;3.19;0.38;9.4;6
6.2;0.17;0.28;4.7;0.037000000000000005;39.0;133.0;0.9931;3.41;0.46;10.8;7
5.8;0.3;0.27;1.7;0.013999999999999999;45.0;104.0;0.9891399999999999;3.4;0.56;12.6;7
5.8;0.6;0.0;1.3;0.044000000000000004;72.0;197.0;0.9920200000000001;3.56;0.43;10.9;5
6.9;0.28;0.33;1.2;0.039;16.0;98.0;0.9904;3.07;0.39;11.7;6
7.2;0.34;0.28;10.4;0.10800000000000001;43.0;187.0;0.9973799999999999;2.96;0.57;9.4;5
6.1;0.16;0.34;6.1;0.034;31.0;114.0;0.99365;3.32;0.58;10.1333333333333;7
7.4;0.32;0.55;16.6;0.055999999999999994;53.0;238.0;1.0017;2.96;0.58;8.7;6
6.8;0.15;0.33;4.7;0.059000000000000004;31.0;118.0;0.9956;3.43;0.39;9.0;7
6.8;0.21;0.27;18.15;0.042;41.0;146.0;1.0001;3.3;0.36;8.7;5
7.5;0.23;0.36;7.0;0.036000000000000004;43.0;161.0;0.9938;3.04;0.32;11.0;5
6.9;0.4;0.37;8.9;0.053;36.0;148.0;0.996;3.16;0.5;9.3;5
5.3;0.16;0.39;1.0;0.027999999999999997;40.0;101.0;0.99156;3.57;0.59;10.6;6
7.3;0.24;0.34;15.4;0.05;38.0;174.0;0.9983;3.03;0.42;9.0;6
7.4;0.2;0.35;2.1;0.038;30.0;116.0;0.9949;3.49;0.77;10.3;7
6.3;0.3;0.34;1.6;0.049;14.0;132.0;0.9940000000000001;3.3;0.49;9.5;6
7.7;0.24;0.29;15.3;0.044000000000000004;39.0;194.0;0.9982;3.06;0.47;9.6;7
6.6;0.285;0.49;11.4;0.035;57.0;137.0;0.9973200000000001;3.08;0.54;8.9;6
6.1;0.31;0.26;2.2;0.051;28.0;167.0;0.9926;3.37;0.47;10.4;6
5.1;0.35;0.26;6.8;0.034;36.0;120.0;0.9918799999999999;3.38;0.4;11.5;6
7.6;0.19;0.41;1.1;0.04;38.0;143.0;0.9907;2.92;0.42;11.4;5
6.7;0.23;0.26;1.4;0.06;33.0;154.0;0.9934;3.24;0.56;9.5;6
7.1;0.2;0.36;11.6;0.042;45.0;124.0;0.997;2.92;0.59;9.5;7
6.9;0.25;0.35;9.2;0.034;42.0;150.0;0.9947;3.21;0.36;11.5;6
6.9;0.28;0.3;8.3;0.026000000000000002;37.0;113.0;0.99139;2.99;0.38;12.3;8
7.1;0.24;0.34;1.2;0.045;6.0;132.0;0.9913200000000001;3.16;0.46;11.2;4
7.4;0.24;0.29;10.1;0.05;21.0;105.0;0.9962;3.13;0.35;9.5;5
7.8;0.3;0.29;16.85;0.054000000000000006;23.0;135.0;0.9998;3.16;0.38;9.0;6
7.3;0.28;0.37;1.2;0.039;26.0;99.0;0.99198;3.01;0.62;10.8;5
5.9;0.24;0.3;2.0;0.033;28.0;92.0;0.99225;3.39;0.69;10.9;7
6.1;0.3;0.47;1.4;0.049;50.0;187.0;0.9927;3.19;0.45;9.5;5
6.2;0.36;0.14;8.9;0.036000000000000004;38.0;155.0;0.9962200000000001;3.27;0.5;9.4;5
7.2;0.31;0.35;7.2;0.046;45.0;178.0;0.9955;3.14;0.53;9.7;5
8.1;0.3;0.31;1.1;0.040999999999999995;49.0;123.0;0.9914;2.99;0.45;11.1;6
7.3;0.15;0.4;2.0;0.05;24.0;92.0;0.9932;3.14;0.45;10.5;5
8.0;0.18;0.49;1.8;0.061;10.0;145.0;0.9942;3.23;0.48;10.0;5
7.3;0.34;0.3;9.4;0.057;34.0;178.0;0.99554;3.15;0.44;10.4;6
8.6;0.31;0.3;0.9;0.045;16.0;109.0;0.99249;2.95;0.39;10.1;5
6.8;0.32;0.3;1.0;0.049;22.0;113.0;0.9928899999999999;3.24;0.61;10.2;5
5.4;0.31;0.47;3.0;0.053;46.0;144.0;0.9931;3.29;0.76;10.0;5
6.2;0.23;0.38;1.6;0.044000000000000004;12.0;113.0;0.9917600000000001;3.3;0.73;11.4;5
7.2;0.4;0.49;1.1;0.048;11.0;138.0;0.9929;3.01;0.42;9.3;5
8.5;0.19;0.48;1.1;0.026000000000000002;23.0;58.0;0.9918399999999999;2.9;0.5;10.5;6
6.8;0.29;0.32;1.8;0.032;18.0;130.0;0.99095;3.05;0.62;11.2;6
6.7;0.26;0.29;7.1;0.036000000000000004;28.0;100.0;0.99534;3.08;0.36;9.3;6
6.5;0.41;0.24;14.0;0.048;24.0;113.0;0.9982;3.44;0.53;9.8;6
7.3;0.25;0.26;7.2;0.048;52.0;207.0;0.99587;3.12;0.37;9.2;5
7.1;0.14;0.33;1.0;0.10400000000000001;20.0;54.0;0.9905700000000001;3.19;0.64;11.5;6
6.7;0.31;0.09;1.4;0.039;53.0;141.0;0.99206;3.12;0.44;10.1;5
6.8;0.21;0.27;18.15;0.042;41.0;146.0;1.0001;3.3;0.36;8.7;5
6.2;0.18;0.38;1.5;0.027999999999999997;36.0;117.0;0.993;3.47;0.54;9.7;6
6.5;0.33;0.72;1.1;0.061;7.0;151.0;0.993;3.09;0.57;9.5;4
6.2;0.345;0.27;10.1;0.055999999999999994;38.0;187.0;0.9948600000000001;3.31;0.56;10.6;5
6.8;0.33;0.44;7.0;0.05;29.0;155.0;0.9955;3.14;0.42;9.5;5
6.8;0.19;0.71;17.5;0.042;21.0;114.0;0.99784;2.85;0.5;9.5;6
6.0;0.17;0.21;6.0;0.05;26.0;134.0;0.9939;3.08;0.54;9.8;6
5.3;0.275;0.24;7.4;0.038;28.0;114.0;0.99313;3.38;0.51;11.0;6
6.5;0.33;0.28;6.1;0.018000000000000002;41.0;103.0;0.9912200000000001;3.24;0.32;12.2;6
5.8;0.27;0.4;1.2;0.076;47.0;130.0;0.99185;3.13;0.45;10.3;6
6.2;0.36;0.22;5.25;0.038;44.0;145.0;0.9918399999999999;3.22;0.4;11.2;6
8.0;0.3;0.28;5.7;0.044000000000000004;31.0;124.0;0.9948;3.16;0.51;10.2;6
8.1;0.5;0.47;1.1;0.037000000000000005;23.0;126.0;0.9938;3.21;0.42;10.9;5
9.0;0.17;0.49;1.0;0.039;46.0;131.0;0.993;3.09;0.51;10.5;7
6.3;0.48;0.48;1.8;0.035;35.0;96.0;0.99121;3.49;0.74;12.2;6
6.4;0.43;0.27;1.1;0.054000000000000006;5.0;110.0;0.9939;3.24;0.52;9.1;4
6.0;0.2;0.26;6.8;0.049;22.0;93.0;0.9928;3.15;0.42;11.0;6
6.1;0.28;0.35;12.8;0.048;63.0;229.0;0.9975;3.08;0.4;8.9;5
9.2;0.22;0.4;2.4;0.054000000000000006;18.0;151.0;0.9952;3.04;0.46;9.3;4
6.6;0.17;0.28;1.1;0.034;55.0;108.0;0.98939;3.0;0.52;11.9;7
6.7;0.24;0.41;2.9;0.039;48.0;122.0;0.9905200000000001;3.25;0.43;12.0;5
6.5;0.23;0.38;1.3;0.032;29.0;112.0;0.99298;3.29;0.54;9.7;5
6.3;0.2;0.26;1.6;0.027000000000000003;36.0;141.0;0.9926799999999999;3.53;0.56;10.8;6
8.6;0.2;0.42;1.5;0.040999999999999995;35.0;125.0;0.9925;3.11;0.49;11.4;7
6.5;0.23;0.36;16.3;0.038;43.0;133.0;0.99924;3.26;0.41;8.8;5
6.3;0.18;0.22;1.5;0.043;45.0;155.0;0.9923799999999999;3.19;0.48;10.2;5
7.4;0.16;0.49;1.2;0.055;18.0;150.0;0.9917;3.23;0.47;11.2;6
7.2;0.29;0.4;7.6;0.024;56.0;177.0;0.9928;3.04;0.32;11.5;6
6.9;0.3;0.36;4.5;0.054000000000000006;31.0;203.0;0.99513;3.4;0.57;10.4;4
6.8;0.51;0.3;4.2;0.066;38.0;165.0;0.9945;3.2;0.42;9.1;5
6.9;0.18;0.33;1.0;0.054000000000000006;24.0;164.0;0.9926;3.42;0.51;10.5;5
5.9;0.22;0.38;1.3;0.046;24.0;90.0;0.9923200000000001;3.2;0.47;10.0;6
7.4;0.18;0.34;2.7;0.03;30.0;107.0;0.992;2.97;0.53;11.0;6
7.0;0.3;0.51;13.6;0.05;40.0;168.0;0.9976;3.07;0.52;9.6;7
7.8;0.26;0.44;1.3;0.037000000000000005;43.0;132.0;0.9944;3.18;0.65;10.0;5
7.6;0.27;0.52;3.2;0.043;28.0;152.0;0.99129;3.02;0.53;11.4;6
6.6;0.23;0.3;14.9;0.051;33.0;118.0;0.99835;3.04;0.54;9.0;6
6.4;0.16;0.42;1.0;0.036000000000000004;29.0;113.0;0.9908;3.18;0.52;11.0;6
6.1;0.17;0.28;4.5;0.033;46.0;150.0;0.9933;3.43;0.49;10.9;6
5.7;0.18;0.26;2.2;0.023;21.0;95.0;0.9893;3.07;0.54;12.3;6
6.7;0.18;0.19;4.7;0.046;57.0;161.0;0.9946;3.32;0.66;10.5;6
6.2;0.28;0.27;10.3;0.03;26.0;108.0;0.9938799999999999;3.2;0.36;10.7;6
6.0;0.41;0.05;1.5;0.063;17.0;120.0;0.9932;3.21;0.56;9.2;6
7.0;0.22;0.31;2.7;0.03;41.0;136.0;0.9898;3.16;0.37;12.7;7
6.6;0.41;0.27;10.7;0.11;20.0;103.0;0.99672;3.08;0.41;9.0;6
7.5;0.17;0.71;11.8;0.038;52.0;148.0;0.9980100000000001;3.03;0.46;8.9;5
9.0;0.2;0.33;3.5;0.049;10.0;40.0;0.9944;3.14;0.36;9.8;6
6.3;0.36;0.28;2.5;0.035;18.0;73.0;0.9886799999999999;3.1;0.47;12.8;7
6.1;0.22;0.49;1.5;0.051;18.0;87.0;0.9928;3.3;0.46;9.6;5
5.6;0.12;0.33;2.9;0.044000000000000004;21.0;73.0;0.9889600000000001;3.17;0.32;12.9;8
7.0;0.24;0.18;1.3;0.046;9.0;62.0;0.9940000000000001;3.38;0.47;10.1;4
7.1;0.18;0.74;15.6;0.044000000000000004;44.0;176.0;0.9996;3.38;0.67;9.0;6
5.8;0.22;0.25;1.5;0.024;21.0;109.0;0.99234;3.37;0.58;10.4;6
6.7;0.3;0.44;18.5;0.057;65.0;224.0;0.99956;3.11;0.53;9.1;5
7.2;0.2;0.28;1.6;0.027999999999999997;13.0;168.0;0.99203;3.17;1.06;11.5;6
6.9;0.41;0.33;10.1;0.043;28.0;152.0;0.9968;3.2;0.52;9.4;5
8.7;0.22;0.42;2.3;0.053;27.0;114.0;0.9940000000000001;2.99;0.43;10.0;5
7.0;0.13;0.3;5.0;0.055999999999999994;31.0;122.0;0.9945;3.47;0.42;10.5;6
6.6;0.58;0.3;5.1;0.057;30.0;123.0;0.9949;3.24;0.38;9.0;5
7.3;0.17;0.24;8.1;0.121;32.0;162.0;0.99508;3.17;0.38;10.4;8
7.4;0.18;0.31;1.4;0.057999999999999996;38.0;167.0;0.9931;3.16;0.53;10.0;7
6.7;0.3;0.5;12.1;0.045;38.0;127.0;0.9974;3.04;0.53;8.9;6
6.5;0.23;0.36;16.3;0.038;43.0;133.0;0.99924;3.26;0.41;8.8;5
6.3;0.21;0.29;11.7;0.048;49.0;147.0;0.99482;3.22;0.38;10.8;5
9.0;0.38;0.53;2.1;0.102;19.0;76.0;0.9900100000000001;2.93;0.57;12.9;5
6.4;0.15;0.31;1.1;0.044000000000000004;25.0;96.0;0.9932;3.54;0.51;10.3;6
7.7;0.3;0.42;14.3;0.045;45.0;213.0;0.9991;3.18;0.63;9.2;5
7.4;0.26;0.37;9.4;0.047;42.0;147.0;0.9982;3.46;0.72;10.0;5
7.3;0.19;0.27;13.9;0.057;45.0;155.0;0.9980700000000001;2.94;0.41;8.8;8
6.4;0.29;0.44;3.6;0.19699999999999998;75.0;183.0;0.9942;3.01;0.38;9.1;5
6.8;0.27;0.28;7.8;0.038;26.0;89.0;0.9915;3.24;0.34;12.5;6
6.4;0.21;0.3;5.6;0.044000000000000004;43.0;160.0;0.9949;3.6;0.41;10.6;6
7.2;0.25;0.28;14.4;0.055;55.0;205.0;0.9986;3.12;0.38;9.0;7
7.1;0.45;0.24;2.7;0.04;24.0;87.0;0.98862;2.94;0.38;13.4;8
6.7;0.54;0.27;7.1;0.049;8.0;178.0;0.9950200000000001;3.16;0.38;9.4;4
7.0;0.36;0.35;2.5;0.048;67.0;161.0;0.99146;3.05;0.56;11.1;6
6.9;0.32;0.16;1.4;0.051;15.0;96.0;0.9940000000000001;3.22;0.38;9.5;4
7.4;0.16;0.3;13.7;0.055999999999999994;33.0;168.0;0.99825;2.9;0.44;8.7;7
5.7;0.28;0.3;3.9;0.026000000000000002;36.0;105.0;0.9896299999999999;3.26;0.58;12.75;6
5.6;0.18;0.58;1.25;0.034;29.0;129.0;0.9898399999999999;3.51;0.6;12.0;7
9.1;0.27;0.45;10.6;0.035;28.0;124.0;0.997;3.2;0.46;10.4;9
6.5;0.24;0.39;17.3;0.052000000000000005;22.0;126.0;0.9988799999999999;3.11;0.47;9.2;6
7.8;0.4;0.26;9.5;0.059000000000000004;32.0;178.0;0.9955;3.04;0.43;10.9;6
6.3;0.22;0.3;2.0;0.05;23.0;120.0;0.9920399999999999;3.24;0.47;10.4;6
8.4;0.23;0.49;7.8;0.035;22.0;95.0;0.9935;3.04;0.34;12.0;6
6.1;0.26;0.28;1.7;0.043;24.0;98.0;0.98918;3.14;0.44;12.5;6
6.4;0.22;0.38;9.1;0.044000000000000004;35.0;127.0;0.99326;2.97;0.3;11.0;7
8.9;0.3;0.35;4.6;0.032;32.0;148.0;0.9945799999999999;3.15;0.45;11.5;7
8.0;0.2;0.4;5.2;0.055;41.0;167.0;0.9953;3.18;0.4;10.6;7
7.4;0.2;0.37;16.95;0.048;43.0;190.0;0.9995;3.03;0.42;9.2;6
6.5;0.29;0.52;1.7;0.034;41.0;193.0;0.99223;3.25;0.59;10.4;6
7.5;0.31;0.24;7.1;0.031;28.0;141.0;0.99397;3.16;0.38;10.6;7
5.8;0.15;0.32;1.2;0.037000000000000005;14.0;119.0;0.9913700000000001;3.19;0.5;10.2;6
6.7;0.41;0.27;2.6;0.033;25.0;85.0;0.9908600000000001;3.05;0.34;11.7;6
5.2;0.24;0.15;7.1;0.043;32.0;134.0;0.9937799999999999;3.24;0.48;9.9;6
7.0;0.2;0.3;6.1;0.037000000000000005;31.0;120.0;0.9939;3.24;0.51;10.8;5
7.9;0.33;0.28;31.6;0.053;35.0;176.0;1.0103;3.15;0.38;8.8;6
7.3;0.25;0.29;7.5;0.049;38.0;158.0;0.9965;3.43;0.38;9.6;5
7.1;0.43;0.61;11.8;0.045;54.0;155.0;0.9974;3.11;0.45;8.7;5
6.8;0.25;0.27;10.7;0.076;47.0;154.0;0.9967;3.05;0.38;9.0;5
6.4;0.29;0.57;1.0;0.06;15.0;120.0;0.9924;3.06;0.41;9.5;5
7.2;0.21;0.37;1.6;0.049;23.0;94.0;0.9924;3.16;0.48;10.9;7
6.0;0.34;0.66;15.9;0.046;26.0;164.0;0.9979;3.14;0.5;8.8;6
6.9;0.2;0.3;4.7;0.040999999999999995;40.0;148.0;0.9932;3.16;0.35;10.2;6
7.5;0.22;0.29;4.8;0.05;33.0;87.0;0.9940000000000001;3.14;0.42;9.9;5
6.9;0.32;0.13;7.8;0.042;11.0;117.0;0.996;3.23;0.37;9.2;5
8.1;0.24;0.33;10.2;0.048;46.0;141.0;0.9972;3.16;0.48;10.3;6
5.8;0.13;0.26;5.1;0.039;19.0;103.0;0.9947799999999999;3.36;0.47;9.3;6
6.8;0.25;0.31;13.3;0.05;69.0;202.0;0.9972;3.22;0.48;9.7;6
6.4;0.38;0.24;7.2;0.047;41.0;151.0;0.9960399999999999;3.11;0.6;9.2;5
6.8;0.29;0.5;13.3;0.053;48.0;194.0;0.9974;3.09;0.45;9.4;5
7.4;0.16;0.3;1.4;0.064;34.0;166.0;0.99136;3.11;0.42;11.433333333333302;6
7.8;0.25;0.34;13.7;0.044000000000000004;66.0;184.0;0.99976;3.22;0.75;8.9;5
3.9;0.225;0.4;4.2;0.03;29.0;118.0;0.9890000000000001;3.57;0.36;12.8;8
6.9;0.24;0.33;12.5;0.046;47.0;153.0;0.9983;3.28;0.77;9.6;6
6.0;0.22;0.28;1.1;0.034;47.0;90.0;0.98862;3.22;0.38;12.6;6
6.6;0.32;0.47;15.6;0.063;27.0;173.0;0.99872;3.18;0.56;9.0;5
8.2;0.27;0.43;1.6;0.035;31.0;128.0;0.9916;3.1;0.5;12.3;6
5.6;0.175;0.29;0.8;0.043;20.0;67.0;0.9911200000000001;3.28;0.48;9.9;6
6.9;0.18;0.3;2.0;0.038;39.0;190.0;0.9914;3.32;0.37;12.2;6
6.9;0.23;0.34;4.0;0.047;24.0;128.0;0.9944;3.2;0.52;9.7;6
6.4;0.23;0.26;8.1;0.054000000000000006;47.0;181.0;0.9954;3.12;0.49;9.4;5
8.1;0.2;0.3;1.3;0.036000000000000004;7.0;49.0;0.9924200000000001;2.99;0.73;10.3;5
7.2;0.4;0.38;2.2;0.03;40.0;109.0;0.99075;3.27;0.46;12.6;6
8.5;0.2;0.4;1.1;0.046;31.0;106.0;0.9919399999999999;3.0;0.35;10.5;4
6.2;0.12;0.26;5.7;0.044000000000000004;56.0;158.0;0.9951;3.52;0.37;10.5;6
7.6;0.24;0.44;3.8;0.037000000000000005;49.0;146.0;0.9911;3.06;0.37;11.6;6
6.9;0.22;0.43;6.4;0.042;34.0;115.0;0.99293;3.05;0.51;10.8;6
6.7;0.25;0.26;1.55;0.040999999999999995;118.5;216.0;0.9949;3.55;0.63;9.4;3
9.2;0.25;0.34;1.2;0.026000000000000002;31.0;93.0;0.9916;2.93;0.37;11.3;7
6.9;0.29;0.3;8.2;0.026000000000000002;35.0;112.0;0.99144;3.0;0.37;12.3;6
8.0;0.23;0.37;9.6;0.054000000000000006;23.0;159.0;0.99795;3.32;0.47;9.8;4
6.9;0.23;0.38;8.3;0.047;47.0;162.0;0.9954;3.34;0.52;10.5;7
7.1;0.28;0.26;2.8;0.039;50.0;118.0;0.9908;3.06;0.59;11.2;6
7.3;0.29;0.29;4.6;0.028999999999999998;27.0;155.0;0.9931;3.07;0.26;10.6;6
7.1;0.25;0.28;1.6;0.052000000000000005;46.0;169.0;0.9926;3.05;0.41;10.5;5
6.9;0.22;0.49;7.0;0.063;50.0;168.0;0.9957;3.54;0.5;10.3;6
7.0;0.15;0.28;14.7;0.051;29.0;149.0;0.99792;2.96;0.39;9.0;7
7.2;0.24;0.3;1.2;0.037000000000000005;11.0;95.0;0.9891399999999999;2.96;0.36;12.5;6
7.1;0.21;0.37;2.4;0.026000000000000002;23.0;100.0;0.9903;3.15;0.38;11.4;7
6.7;0.33;0.42;6.4;0.057999999999999996;27.0;151.0;0.9954;3.16;0.44;9.6;5
7.1;0.36;0.56;1.3;0.046;25.0;102.0;0.9923;3.24;0.33;10.5;6
6.7;0.5;0.36;11.5;0.096;18.0;92.0;0.9964200000000001;3.11;0.49;9.6;5
6.5;0.24;0.39;17.3;0.052000000000000005;22.0;126.0;0.9988799999999999;3.11;0.47;9.2;6
7.4;0.31;0.26;8.6;0.048;47.0;206.0;0.9964;3.26;0.36;9.1;5
6.6;0.19;0.43;10.9;0.045;53.0;154.0;0.9975200000000001;3.52;0.77;10.4;6
7.4;0.21;0.8;12.3;0.038;77.0;183.0;0.9977799999999999;2.95;0.48;9.0;5
7.6;0.2;0.36;1.9;0.043;24.0;111.0;0.9923700000000001;3.29;0.54;11.3;6
6.0;0.17;0.49;1.0;0.034;26.0;106.0;0.992;3.21;0.42;9.8;6
6.7;0.24;0.35;13.1;0.05;64.0;205.0;0.997;3.15;0.5;9.5;5
6.3;0.495;0.22;1.8;0.046;31.0;140.0;0.9929;3.39;0.54;10.4;6
5.2;0.365;0.08;13.5;0.040999999999999995;37.0;142.0;0.997;3.46;0.39;9.9;6
7.3;0.19;0.25;1.4;0.051;41.0;107.0;0.99382;3.53;0.66;10.5;7
6.4;0.3;0.45;3.5;0.19699999999999998;76.0;180.0;0.9942;3.02;0.39;9.1;6
7.1;0.23;0.39;1.6;0.032;12.0;65.0;0.9898;3.25;0.4;12.7;7
7.3;0.2;0.29;19.9;0.039;69.0;237.0;1.00037;3.1;0.48;9.2;6
6.7;0.24;0.36;8.4;0.042;42.0;123.0;0.9947299999999999;3.34;0.52;10.9;6
8.0;0.28;0.3;8.4;0.03;35.0;115.0;0.99192;2.93;0.42;12.3;6
7.0;0.15;0.28;14.7;0.051;29.0;149.0;0.99792;2.96;0.39;9.0;7
6.4;0.28;0.44;7.1;0.048;49.0;179.0;0.9952799999999999;3.15;0.48;9.2;5
8.6;0.485;0.29;4.1;0.026000000000000002;19.0;101.0;0.9918;3.01;0.38;12.4;5
6.6;0.25;0.24;1.7;0.048;26.0;124.0;0.9942;3.37;0.6;10.1;6
6.7;0.39;0.31;2.7;0.054000000000000006;27.0;202.0;0.9948;3.46;0.57;10.5;6
7.6;0.22;0.28;12.0;0.055999999999999994;68.0;143.0;0.9983;2.99;0.3;9.2;6
7.1;0.44;0.27;8.4;0.057;60.0;160.0;0.9925700000000001;3.16;0.36;11.8;6
7.0;0.3;0.38;14.9;0.032;60.0;181.0;0.9983;3.18;0.61;9.3;7
7.2;0.31;0.35;7.2;0.046;45.0;178.0;0.9955;3.14;0.53;9.7;5
6.4;0.18;0.74;11.9;0.046;54.0;168.0;0.9978;3.58;0.68;10.1;5
7.7;0.27;0.34;1.8;0.027999999999999997;26.0;168.0;0.9911;2.99;0.48;12.1;7
6.5;0.25;0.32;9.9;0.045;41.0;128.0;0.99636;3.18;0.52;9.6;6
6.9;0.24;0.37;6.1;0.027000000000000003;38.0;112.0;0.9908600000000001;3.19;0.34;12.4;6
6.5;0.19;0.32;1.4;0.04;31.0;132.0;0.9922;3.36;0.54;10.8;7
6.8;0.22;0.31;6.3;0.035;33.0;170.0;0.9918;3.24;0.66;12.6;6
8.5;0.26;0.21;16.2;0.07400000000000001;41.0;197.0;0.998;3.02;0.5;9.8;3
8.1;0.2;0.28;0.9;0.023;49.0;87.0;0.9906200000000001;2.92;0.36;11.1;6
5.9;0.29;0.16;7.9;0.044000000000000004;48.0;197.0;0.9951200000000001;3.21;0.36;9.4;5
6.9;0.14;0.38;1.0;0.040999999999999995;22.0;81.0;0.9904299999999999;3.03;0.54;11.4;6
8.3;0.24;0.27;2.1;0.03;22.0;162.0;0.9914;2.99;0.68;11.9;6
6.7;0.27;0.26;2.3;0.043;61.0;181.0;0.9939399999999999;3.45;0.63;10.6;6
9.0;0.27;0.35;4.9;0.027999999999999997;27.0;95.0;0.9932;3.04;0.4;11.3;6
5.9;0.34;0.25;2.0;0.042;12.0;110.0;0.99034;3.02;0.54;11.4;6
6.0;0.26;0.33;4.35;0.04;15.0;80.0;0.98934;3.29;0.5;12.7;6
7.6;0.27;0.25;13.9;0.05;45.0;199.0;0.9984;3.34;0.5;9.8;6
5.6;0.35;0.4;6.3;0.022000000000000002;23.0;174.0;0.9922;3.54;0.5;11.6;7
6.5;0.23;0.39;1.9;0.036000000000000004;41.0;98.0;0.99;3.19;0.43;11.9;7
6.7;0.41;0.24;5.4;0.035;33.0;115.0;0.9901;3.12;0.44;12.8933333333333;7
7.4;0.25;0.28;7.25;0.027999999999999997;14.0;78.0;0.9923799999999999;2.94;0.37;11.5;7
8.3;0.22;0.38;14.8;0.054000000000000006;32.0;126.0;1.0002;3.22;0.5;9.7;5
6.9;0.17;0.25;1.6;0.047;34.0;132.0;0.9914;3.16;0.48;11.4;5
6.2;0.2;0.33;5.4;0.027999999999999997;21.0;75.0;0.9901200000000001;3.36;0.41;13.5;7
7.8;0.22;0.26;9.0;0.047;38.0;132.0;0.997;3.25;0.53;10.2;6
6.6;0.23;0.2;11.4;0.044000000000000004;45.0;131.0;0.9960399999999999;2.96;0.51;9.7;6
7.1;0.22;0.33;2.8;0.033;48.0;153.0;0.9899;3.15;0.38;12.7;7
7.3;0.17;0.36;8.2;0.027999999999999997;44.0;111.0;0.99272;3.14;0.41;12.4;6
7.2;0.17;0.34;6.4;0.042;16.0;111.0;0.9927799999999999;2.99;0.4;10.8;6
6.3;0.23;0.33;1.5;0.036000000000000004;15.0;105.0;0.991;3.32;0.42;11.2;6
7.9;0.35;0.36;1.6;0.038;11.0;124.0;0.9928;3.25;0.48;11.0;5
7.6;0.3;0.22;10.2;0.049;57.0;191.0;0.9966;3.08;0.4;9.3;6
8.1;0.17;0.44;14.1;0.053;43.0;145.0;1.0006;3.28;0.75;8.8;8
6.8;0.2;0.28;12.6;0.048;54.0;136.0;0.99556;3.19;0.37;10.7;6
9.2;0.28;0.46;3.2;0.057999999999999996;39.0;133.0;0.996;3.14;0.58;9.5;5
6.6;0.17;0.35;2.6;0.03;33.0;78.0;0.99146;3.22;0.72;11.3;6
6.6;0.16;0.3;1.6;0.034;15.0;78.0;0.992;3.38;0.44;11.2;6
7.3;0.22;0.37;14.3;0.063;48.0;191.0;0.9978;2.89;0.38;9.0;6
8.8;0.19;0.3;5.0;0.027999999999999997;34.0;120.0;0.9924200000000001;2.94;0.47;11.2;5
6.7;0.24;0.29;6.8;0.038;54.0;127.0;0.9932;3.33;0.46;11.6;7
6.0;0.395;0.0;1.4;0.042;7.0;55.0;0.99135;3.37;0.38;11.2;4
5.9;0.2;0.4;1.3;0.047;23.0;92.0;0.9923200000000001;3.2;0.45;10.0;6
6.4;0.24;0.31;2.8;0.038;41.0;114.0;0.99155;3.37;0.66;11.7;7
7.4;0.28;0.36;14.6;0.048;35.0;161.0;0.9968;3.14;0.56;10.6;5
7.7;0.29;0.29;4.8;0.06;27.0;156.0;0.99572;3.49;0.59;10.3;6
6.7;0.64;0.3;1.2;0.03;18.0;76.0;0.9892;3.16;0.6;12.9;4
7.9;0.35;0.28;12.9;0.032;13.0;63.0;0.9932;2.99;0.43;13.0;6
6.8;0.28;0.6;1.1;0.132;42.0;127.0;0.9934;3.09;0.44;9.1;6
7.1;0.44;0.37;2.7;0.040999999999999995;35.0;128.0;0.9896;3.07;0.43;13.5;7
8.9;0.32;0.49;1.6;0.05;17.0;131.0;0.9956;3.13;0.34;9.4;5
6.9;0.54;0.32;13.2;0.05;53.0;236.0;0.9973;3.2;0.5;9.6;5
6.9;0.54;0.26;12.7;0.049;59.0;195.0;0.9959600000000001;3.26;0.54;10.5;6
6.6;0.39;0.22;4.0;0.038;17.0;98.0;0.99018;3.25;0.53;13.0;7
7.4;0.17;0.4;5.5;0.037000000000000005;34.0;161.0;0.9935;3.05;0.62;11.5;4
6.9;0.46;0.2;0.9;0.054000000000000006;5.0;126.0;0.992;3.1;0.42;10.4;6
6.3;0.36;0.2;2.0;0.048;48.0;191.0;0.9929;3.17;0.51;9.6;5
5.9;0.27;0.27;5.0;0.035;14.0;97.0;0.9905799999999999;3.1;0.33;11.8;7
8.5;0.21;0.26;9.25;0.034;73.0;142.0;0.9945;3.05;0.37;11.4;6
7.0;0.16;0.32;8.3;0.045;38.0;126.0;0.9958;3.21;0.34;9.2;5
6.4;0.68;0.26;3.4;0.069;25.0;146.0;0.9934700000000001;3.18;0.4;9.3;5
6.9;0.4;0.56;11.2;0.043;40.0;142.0;0.9975;3.14;0.46;8.7;5
7.4;0.26;0.31;2.4;0.043;58.0;178.0;0.9941;3.42;0.68;10.6;6
7.2;0.27;0.74;12.5;0.037000000000000005;47.0;156.0;0.9981;3.04;0.44;8.7;5
8.3;0.2;0.49;1.7;0.038;38.0;167.0;0.9939;3.05;0.37;10.1;6
5.2;0.24;0.45;3.8;0.027000000000000003;21.0;128.0;0.992;3.55;0.49;11.2;8
5.9;0.22;0.18;6.4;0.040999999999999995;28.0;120.0;0.99403;3.27;0.5;9.9;5
6.7;0.14;0.46;1.6;0.036000000000000004;15.0;92.0;0.99264;3.37;0.49;10.9;5
6.0;0.33;0.2;1.8;0.031;49.0;159.0;0.9919;3.41;0.53;11.0;6
6.6;0.24;0.38;12.75;0.034;8.0;74.0;0.9938600000000001;3.1;0.57;12.9;6
6.5;0.28;0.25;4.8;0.028999999999999998;54.0;128.0;0.99074;3.17;0.44;12.2;7
6.7;0.18;0.28;10.2;0.039;29.0;115.0;0.99469;3.11;0.45;10.9;7
5.8;0.24;0.28;1.4;0.038;40.0;76.0;0.98711;3.1;0.29;13.9;7
7.8;0.26;0.27;1.9;0.051;52.0;195.0;0.9928;3.23;0.5;10.9;6
7.1;0.26;0.37;5.5;0.025;31.0;105.0;0.99082;3.06;0.33;12.6;8
5.7;0.15;0.47;11.4;0.035;49.0;128.0;0.99456;3.03;0.34;10.5;8
7.4;0.24;0.22;10.7;0.042;26.0;81.0;0.9954;2.86;0.36;9.7;6
6.4;0.38;0.26;8.2;0.043;28.0;98.0;0.99234;2.99;0.31;11.4;6
5.9;0.19;0.21;1.7;0.045;57.0;135.0;0.99341;3.32;0.44;9.5;5
7.5;0.18;0.72;9.6;0.039;53.0;151.0;0.99802;3.03;0.46;8.9;5
6.4;0.26;0.26;1.1;0.052000000000000005;22.0;176.0;0.9930399999999999;3.09;0.54;9.3;5
6.0;0.27;0.4;1.7;0.021;18.0;82.0;0.9891;3.24;0.95;13.1333333333333;6
6.6;0.15;0.34;1.0;0.037000000000000005;45.0;79.0;0.98949;2.96;0.5;11.7;6
6.9;0.18;0.36;1.3;0.036000000000000004;40.0;117.0;0.9934;3.27;0.95;9.5;7
7.2;0.2;0.38;1.0;0.037000000000000005;21.0;74.0;0.9918;3.21;0.37;11.0;5
6.9;0.28;0.41;1.7;0.05;10.0;136.0;0.993;3.16;0.71;11.4;6
7.6;0.39;0.32;3.6;0.035;22.0;93.0;0.99144;3.08;0.6;12.5;7
8.2;0.25;0.46;3.75;0.05;14.0;102.0;0.99524;3.28;0.58;9.7;5
7.1;0.17;0.43;1.3;0.023;33.0;132.0;0.99067;3.11;0.56;11.7;6
7.1;0.26;0.3;2.0;0.031;13.0;128.0;0.9917;3.19;0.49;11.4;5
6.7;0.28;0.34;8.9;0.048;32.0;111.0;0.99455;3.25;0.54;11.0;7
6.6;0.085;0.33;1.4;0.036000000000000004;17.0;109.0;0.99306;3.27;0.61;9.5;6
6.3;0.17;0.42;2.8;0.027999999999999997;45.0;107.0;0.9908;3.27;0.43;11.8;6
6.8;0.29;0.16;1.4;0.038;122.5;234.5;0.9922;3.15;0.47;10.0;4
6.7;0.3;0.44;18.75;0.057;65.0;224.0;0.99956;3.11;0.53;9.1;5
6.2;0.3;0.21;1.1;0.032;31.0;111.0;0.9889;2.97;0.42;12.2;6
5.1;0.305;0.13;1.75;0.036000000000000004;17.0;73.0;0.99;3.4;0.51;12.333333333333302;5
6.0;0.29;0.27;2.3;0.044000000000000004;20.0;117.0;0.9895;3.31;0.41;12.7;7
6.2;0.22;0.3;12.4;0.054000000000000006;108.0;152.0;0.9972799999999999;3.1;0.47;9.5;6
6.5;0.24;0.19;1.2;0.040999999999999995;30.0;111.0;0.99254;2.99;0.46;9.4;6
5.9;0.15;0.31;5.8;0.040999999999999995;53.0;155.0;0.9945;3.52;0.46;10.5;6
5.8;0.3;0.33;3.5;0.033;25.0;116.0;0.9905700000000001;3.2;0.44;11.7;6
7.0;0.3;0.27;1.5;0.076;24.0;145.0;0.99344;3.1;0.52;10.1;5
7.0;0.25;0.32;9.0;0.046;56.0;245.0;0.9955;3.25;0.5;10.4;6
8.0;0.45;0.36;8.8;0.026000000000000002;50.0;151.0;0.9927;3.07;0.25;12.7;8
6.8;0.28;0.36;8.0;0.045;28.0;123.0;0.9928;3.02;0.37;11.4;6
6.2;0.21;0.38;6.8;0.036000000000000004;64.0;245.0;0.9951;3.06;0.36;9.3;6
8.1;0.26;0.37;1.9;0.07200000000000001;48.0;159.0;0.9949;3.37;0.7;10.9;6
4.9;0.345;0.34;1.0;0.068;32.0;143.0;0.9913799999999999;3.24;0.4;10.1;5
5.8;0.19;0.33;4.2;0.038;49.0;133.0;0.9910700000000001;3.16;0.42;11.3;7
7.1;0.25;0.28;1.2;0.04;31.0;111.0;0.99174;3.18;0.53;11.1;5
6.6;0.2;0.14;4.4;0.184;35.0;168.0;0.9939600000000001;2.93;0.45;9.4;6
7.1;0.18;0.42;1.4;0.045;47.0;157.0;0.9916;2.95;0.31;10.5;6
6.9;0.21;0.33;1.8;0.034;48.0;136.0;0.9899;3.25;0.41;12.6;7
5.8;0.19;0.49;4.9;0.04;44.0;118.0;0.9935;3.34;0.38;9.5;7
6.2;0.44;0.18;7.7;0.096;28.0;210.0;0.99771;3.56;0.72;9.2;5
6.0;0.17;0.29;5.0;0.027999999999999997;25.0;108.0;0.9907600000000001;3.14;0.34;12.3;6
6.6;0.4;0.3;5.3;0.038;20.0;125.0;0.9920399999999999;3.36;0.73;12.6;6
7.3;0.22;0.41;15.4;0.05;55.0;191.0;1.0;3.32;0.59;8.9;6
7.0;0.22;0.32;1.6;0.045;40.0;120.0;0.9914;2.98;0.44;10.5;6
7.7;0.27;0.61;12.0;0.046;64.0;179.0;0.9982;3.07;0.46;8.9;5
6.8;0.21;0.27;2.1;0.03;26.0;139.0;0.99;3.16;0.61;12.6;7
7.5;0.27;0.36;7.0;0.036000000000000004;45.0;164.0;0.9939;3.03;0.33;11.0;5
6.5;0.37;0.33;3.5;0.036000000000000004;23.0;92.0;0.99136;3.18;0.38;11.2;6
6.9;0.4;0.17;12.9;0.033;59.0;186.0;0.99754;3.08;0.49;9.4;5
6.0;0.34;0.24;5.4;0.06;23.0;126.0;0.9951;3.25;0.44;9.0;7
6.5;0.43;0.28;11.25;0.032;31.0;87.0;0.9922;3.02;0.38;12.4;6
6.4;0.29;0.18;15.0;0.04;21.0;116.0;0.99736;3.14;0.5;9.2;5
5.7;0.22;0.2;16.0;0.044000000000000004;41.0;113.0;0.9986200000000001;3.22;0.46;8.9;6
6.4;0.42;0.19;9.3;0.043;28.0;145.0;0.9943299999999999;3.23;0.53;10.98;5
6.1;0.32;0.25;1.7;0.034;37.0;136.0;0.992;3.47;0.5;10.8;7
7.0;0.61;0.26;1.7;0.051;25.0;161.0;0.9946;3.36;0.6;10.6;4
7.0;0.31;0.26;7.4;0.069;28.0;160.0;0.9954;3.13;0.46;9.8;6
6.9;0.3;0.36;0.9;0.037000000000000005;40.0;156.0;0.9896799999999999;3.08;0.36;12.1;6
6.2;0.53;0.02;0.9;0.035;6.0;81.0;0.99234;3.24;0.35;9.5;4
5.7;0.21;0.32;0.9;0.038;38.0;121.0;0.99074;3.24;0.46;10.6;6
6.4;0.15;0.25;7.8;0.05;13.0;68.0;0.9939399999999999;3.16;0.4;9.9;6
6.8;0.28;0.35;2.3;0.042;16.0;85.0;0.9906;3.19;0.56;12.4;6
6.5;0.28;0.28;20.4;0.040999999999999995;40.0;144.0;1.0002;3.14;0.38;8.7;5
6.8;0.24;0.34;4.6;0.032;37.0;135.0;0.9927;3.2;0.39;10.6;5
6.8;0.39;0.31;14.35;0.043;28.0;162.0;0.9988;3.17;0.54;9.1;5
7.7;0.24;0.27;1.8;0.051;52.0;190.0;0.9928;3.23;0.5;10.8;6
7.1;0.34;0.86;1.4;0.174;36.0;99.0;0.9928799999999999;2.92;0.5;9.3;5
7.4;0.31;0.26;8.6;0.048;47.0;206.0;0.9964;3.26;0.36;9.1;5
5.8;0.61;0.01;8.4;0.040999999999999995;31.0;104.0;0.9909;3.26;0.72;14.05;7
5.7;0.36;0.34;4.2;0.026000000000000002;21.0;77.0;0.9907;3.41;0.45;11.9;6
6.3;0.34;0.31;6.0;0.02;18.0;68.0;0.9898100000000001;3.22;0.29;13.4;7
6.4;0.34;0.2;14.9;0.06;37.0;162.0;0.9983;3.13;0.45;9.0;4
10.0;0.2;0.39;1.4;0.05;19.0;152.0;0.9940000000000001;3.0;0.42;10.4;6
6.4;0.36;0.2;5.7;0.11800000000000001;61.0;172.0;0.9946;3.24;0.43;9.5;6
6.0;0.38;0.26;6.0;0.034;42.0;134.0;0.9912;3.38;0.38;12.3;7
5.8;0.15;0.31;5.9;0.036000000000000004;7.0;73.0;0.9915200000000001;3.2;0.43;11.9;6
6.8;0.26;0.29;16.95;0.055999999999999994;48.0;179.0;0.9998;3.45;0.4;9.6;5
6.6;0.32;0.24;1.3;0.06;42.5;204.0;0.9951200000000001;3.59;0.51;9.2;5
6.8;0.28;0.4;22.0;0.048;48.0;167.0;1.001;2.93;0.5;8.7;5
6.9;0.22;0.28;7.8;0.05;43.0;116.0;0.99326;3.22;0.6;11.5;8
6.6;0.295;0.24;1.6;0.039;29.0;140.0;0.9930399999999999;3.35;0.61;10.4;7
6.0;0.26;0.29;1.0;0.032;27.0;96.0;0.9896;3.38;0.44;12.3;6
6.2;0.35;0.03;1.2;0.064;29.0;120.0;0.9934;3.22;0.54;9.1;5
6.3;0.27;0.23;2.9;0.047;13.0;100.0;0.9936;3.28;0.43;9.8;5
7.6;0.31;0.29;10.5;0.04;21.0;145.0;0.9966;3.04;0.35;9.4;5
6.1;0.4;0.31;0.9;0.048;23.0;170.0;0.993;3.22;0.77;9.5;6
6.3;0.31;0.3;10.0;0.046;49.0;212.0;0.9962;3.74;0.55;11.9;6
5.3;0.36;0.27;6.3;0.027999999999999997;40.0;132.0;0.9918600000000001;3.37;0.4;11.6;6
6.1;0.19;0.37;2.6;0.040999999999999995;24.0;99.0;0.9915299999999999;3.18;0.5;10.9;6
7.8;0.13;0.3;1.8;0.04;43.0;179.0;0.9955;3.43;0.41;9.0;5
7.5;0.38;0.29;12.7;0.05;25.0;209.0;0.9986;3.25;0.59;9.3;6
6.4;0.14;0.31;1.2;0.034;53.0;138.0;0.9908399999999999;3.38;0.35;11.5;7
4.9;0.235;0.27;11.75;0.03;34.0;118.0;0.9954;3.07;0.5;9.4;6
8.1;0.28;0.49;1.0;0.04;32.0;148.0;0.9936;3.13;0.41;10.0;6
4.7;0.335;0.14;1.3;0.036000000000000004;69.0;168.0;0.9921200000000001;3.47;0.46;10.5;5
6.1;0.16;0.37;1.1;0.031;37.0;97.0;0.9922;3.4;0.58;10.5;6
6.5;0.22;0.31;3.9;0.046;17.0;106.0;0.99098;3.15;0.31;11.5;5
7.5;0.26;0.38;5.7;0.021;23.0;125.0;0.9933799999999999;3.13;0.62;11.1;6
7.3;0.22;0.37;14.3;0.063;48.0;191.0;0.9978;2.89;0.38;9.0;6
6.4;0.31;0.5;5.8;0.038;42.0;111.0;0.9918899999999999;3.18;0.53;11.9;7
6.3;0.3;0.24;6.6;0.04;38.0;141.0;0.995;3.22;0.47;9.5;5
7.5;0.32;0.24;4.6;0.053;8.0;134.0;0.9958;3.14;0.5;9.1;3
6.9;0.2;0.37;6.2;0.027000000000000003;24.0;97.0;0.992;3.38;0.49;12.2;7
6.9;0.24;0.4;15.4;0.052000000000000005;81.0;198.0;0.9986;3.2;0.69;9.4;5
6.9;0.22;0.37;15.0;0.053;59.0;178.0;0.9992;3.37;0.82;9.5;7
8.0;0.19;0.3;2.0;0.053;48.0;140.0;0.9940000000000001;3.18;0.49;9.6;6
7.6;0.2;0.26;4.8;0.033;26.0;76.0;0.9907600000000001;2.98;0.49;12.3;7
6.8;0.26;0.48;6.2;0.049;55.0;182.0;0.99582;3.21;0.45;9.4;6
6.4;0.33;0.44;8.9;0.055;52.0;164.0;0.9948799999999999;3.1;0.48;9.6;5
7.5;0.3;0.71;1.3;0.16;44.0;149.0;0.9948;3.08;0.42;8.9;5
6.0;0.27;0.19;1.7;0.02;24.0;110.0;0.9898;3.32;0.47;12.6;7
7.0;0.12;0.29;10.3;0.039;41.0;98.0;0.99564;3.19;0.38;9.8;8
7.2;0.22;0.28;7.2;0.06;41.0;132.0;0.9935;3.08;0.59;11.3;6
8.1;0.34;0.28;7.5;0.04;70.0;230.0;0.9955799999999999;3.14;0.55;9.8;6
6.5;0.23;0.45;2.1;0.027000000000000003;43.0;104.0;0.99054;3.02;0.52;11.3;6
7.6;0.32;0.58;16.75;0.05;43.0;163.0;0.9999;3.15;0.54;9.2;5
6.6;0.21;0.31;11.4;0.039;46.0;165.0;0.99795;3.41;0.44;9.8;7
6.6;0.19;0.43;10.9;0.045;53.0;154.0;0.9975200000000001;3.52;0.77;10.4;6
7.4;0.24;0.29;10.1;0.05;21.0;105.0;0.9962;3.13;0.35;9.5;5
6.4;0.475;0.06;1.0;0.03;9.0;131.0;0.9904;2.97;0.29;10.8;5
4.8;0.34;0.0;6.5;0.027999999999999997;33.0;163.0;0.9939;3.36;0.61;9.9;6
5.2;0.2;0.27;3.2;0.047;16.0;93.0;0.99235;3.44;0.53;10.1;7
6.0;0.28;0.29;19.3;0.051;36.0;174.0;0.99911;3.14;0.5;9.0;5
6.0;0.52;0.33;7.7;0.046;24.0;119.0;0.99224;3.04;0.38;11.0;6
6.5;0.25;0.27;17.4;0.064;29.0;140.0;0.9977600000000001;3.2;0.49;10.1;6
7.2;0.34;0.34;12.6;0.048;7.0;41.0;0.9942;3.19;0.4;11.7;5
6.2;0.23;0.36;17.2;0.039;37.0;130.0;0.99946;3.23;0.43;8.8;6
7.0;0.32;0.34;1.3;0.042;20.0;69.0;0.9912;3.31;0.65;12.0;7
6.9;0.52;0.54;7.9;0.036000000000000004;23.0;169.0;0.99267;3.26;0.47;12.2;6
6.6;0.21;0.49;18.15;0.042;41.0;158.0;0.9997;3.28;0.39;8.7;6
7.4;0.33;0.44;7.6;0.05;40.0;227.0;0.99679;3.12;0.52;9.0;5
7.1;0.2;0.31;6.85;0.053;32.0;211.0;0.99587;3.31;0.59;10.4;6
6.6;0.425;0.25;2.35;0.034;23.0;87.0;0.99082;3.05;0.41;11.4;6
6.5;0.23;0.25;17.3;0.046;15.0;110.0;0.99828;3.15;0.42;9.2;6
6.7;0.33;0.49;1.6;0.16699999999999998;20.0;94.0;0.9914;3.11;0.5;11.4;6
6.8;0.24;0.38;8.3;0.045;50.0;185.0;0.9957799999999999;3.15;0.5;9.5;6
7.4;0.29;0.28;10.2;0.032;43.0;138.0;0.9951;3.1;0.47;10.6;6
7.6;0.3;0.37;1.6;0.087;27.0;177.0;0.9943799999999999;3.09;0.5;9.8;5
8.0;0.22;0.28;14.0;0.053;83.0;197.0;0.9981;3.14;0.45;9.8;6
7.2;0.44;0.28;3.4;0.048;22.0;112.0;0.9918799999999999;3.21;0.37;11.3;7
6.7;0.34;0.43;1.6;0.040999999999999995;29.0;114.0;0.9901399999999999;3.23;0.44;12.6;6
6.6;0.22;0.23;17.3;0.047;37.0;118.0;0.9990600000000001;3.08;0.46;8.8;6
7.2;0.2;0.61;16.2;0.043;14.0;103.0;0.9987;3.06;0.36;9.2;6
7.9;0.17;0.32;1.6;0.053;47.0;150.0;0.9948;3.29;0.76;9.6;6
7.8;0.24;0.18;6.7;0.046;33.0;160.0;0.9963;3.2;0.56;9.8;6
6.4;0.28;0.36;1.3;0.053;28.0;186.0;0.99211;3.31;0.45;10.8;5
6.6;0.26;0.29;1.4;0.039;13.0;67.0;0.9915;3.05;0.49;10.9;6
5.3;0.585;0.07;7.1;0.044000000000000004;34.0;145.0;0.9945;3.34;0.57;9.7;6
6.8;0.27;0.22;8.1;0.034;55.0;203.0;0.9961;3.19;0.52;8.9;5
7.2;0.19;0.31;6.3;0.034;17.0;103.0;0.99305;3.15;0.52;11.4;7
7.4;0.16;0.3;13.7;0.055999999999999994;33.0;168.0;0.99825;2.9;0.44;8.7;7
8.9;0.27;0.28;0.8;0.024;29.0;128.0;0.9898399999999999;3.01;0.35;12.4;6
6.7;0.28;0.42;3.5;0.035;43.0;105.0;0.99021;3.18;0.38;12.2;6
6.4;0.25;0.74;7.8;0.045;52.0;209.0;0.9956;3.21;0.42;9.2;6
7.1;0.2;0.31;6.85;0.053;32.0;211.0;0.99587;3.31;0.59;10.4;6
6.7;0.33;0.34;7.5;0.036000000000000004;39.0;124.0;0.9912299999999999;2.99;0.32;12.4;8
7.3;0.2;0.44;1.4;0.045;21.0;98.0;0.9924;3.15;0.46;10.0;7
7.9;0.3;0.27;8.5;0.036000000000000004;20.0;112.0;0.9939;2.96;0.46;11.7;6
7.0;0.22;0.33;2.1;0.052000000000000005;15.0;76.0;0.993;3.2;0.41;10.6;6
6.5;0.3;0.27;4.0;0.038;37.0;97.0;0.99026;3.2;0.6;12.6;8
6.4;0.32;0.26;7.9;0.05;53.0;180.0;0.9951399999999999;3.14;0.5;9.6;5
7.5;0.27;0.79;11.95;0.04;51.0;159.0;0.99839;2.98;0.44;8.7;5
8.4;0.35;0.56;13.8;0.048;55.0;190.0;0.9993;3.07;0.58;9.4;6
6.5;0.19;0.26;5.2;0.04;31.0;140.0;0.995;3.26;0.68;9.5;6
7.1;0.32;0.29;4.0;0.038;33.0;170.0;0.9946299999999999;3.27;0.64;10.2;6
6.0;0.21;0.34;2.0;0.042;63.0;123.0;0.9905200000000001;3.44;0.42;11.4;6
6.3;0.3;0.19;7.7;0.049;47.0;184.0;0.9951399999999999;3.22;0.48;9.5;5
6.1;0.3;0.32;2.2;0.042;41.0;142.0;0.9895200000000001;3.31;0.44;12.7;7
6.2;0.3;0.32;1.7;0.032;30.0;130.0;0.9911;3.28;0.41;11.2;7
6.5;0.35;0.38;7.4;0.036000000000000004;20.0;196.0;0.9971200000000001;3.47;0.48;9.1;6
6.3;0.28;0.47;11.2;0.04;61.0;183.0;0.99592;3.12;0.51;9.5;6
6.9;0.32;0.27;16.0;0.034;58.0;185.0;0.9993799999999999;3.34;0.6;9.0;6
6.6;0.26;0.46;6.9;0.047;59.0;183.0;0.9959399999999999;3.2;0.45;9.3;5
8.4;0.22;0.28;18.8;0.027999999999999997;55.0;130.0;0.998;2.96;0.35;11.6;5
7.3;0.26;0.49;5.0;0.027999999999999997;32.0;107.0;0.9936;3.24;0.54;10.8;6
6.9;0.19;0.35;13.5;0.038;49.0;118.0;0.99546;3.0;0.63;10.7;6
6.7;0.29;0.45;14.3;0.054000000000000006;30.0;181.0;0.99869;3.14;0.57;9.1;5
6.3;0.23;0.21;5.1;0.035;29.0;142.0;0.9942;3.36;0.33;10.1;7
8.1;0.31;0.24;1.6;0.032;10.0;67.0;0.9924;3.08;0.47;10.5;5
7.3;0.18;0.31;17.3;0.055;32.0;197.0;1.0002;3.13;0.46;9.0;6
6.4;0.27;0.45;8.3;0.05;52.0;196.0;0.9955;3.18;0.48;9.5;5
7.0;0.44;0.24;12.1;0.055999999999999994;68.0;210.0;0.99718;3.05;0.5;9.5;5
7.5;0.42;0.19;6.9;0.040999999999999995;62.0;150.0;0.99508;3.23;0.37;10.0;6
7.6;0.29;0.26;6.5;0.042;32.0;160.0;0.9944;3.14;0.47;10.7;5
6.1;0.34;0.46;4.7;0.028999999999999998;21.0;94.0;0.991;3.29;0.62;12.3;6
6.2;0.3;0.17;2.8;0.04;24.0;125.0;0.9939;3.01;0.46;9.0;5
5.9;0.32;0.33;2.1;0.027000000000000003;35.0;138.0;0.98945;3.37;0.42;12.7;6
6.7;0.26;0.3;1.8;0.043;25.0;121.0;0.9944;3.44;0.61;10.2;6
6.6;0.23;0.3;4.6;0.06;29.0;154.0;0.9914200000000001;3.23;0.49;12.2;8
6.7;0.37;0.25;2.5;0.027999999999999997;24.0;84.0;0.9909;3.14;0.36;11.7;6
7.8;0.24;0.32;12.2;0.054000000000000006;42.0;138.0;0.9984;3.01;0.54;8.8;5
7.1;0.32;0.24;13.1;0.05;52.0;204.0;0.998;3.1;0.49;8.8;5
8.5;0.3;0.28;3.1;0.054000000000000006;54.0;174.0;0.9954299999999999;3.21;0.43;9.4;6
6.1;0.17;0.29;1.1;0.040999999999999995;32.0;92.0;0.99036;3.26;0.57;11.2;6
6.8;0.24;0.31;18.3;0.046;40.0;142.0;1.0;3.3;0.41;8.7;5
7.3;0.25;0.39;6.4;0.034;8.0;84.0;0.9942;3.18;0.46;11.5;5
5.7;0.24;0.47;6.3;0.069;35.0;182.0;0.9939100000000001;3.11;0.46;9.75;5
9.0;0.43;0.3;1.5;0.05;7.0;175.0;0.9951;3.11;0.45;9.7;4
9.2;0.19;0.42;2.0;0.047;16.0;104.0;0.9951700000000001;3.09;0.66;10.0;4
6.6;0.22;0.23;17.3;0.047;37.0;118.0;0.9990600000000001;3.08;0.46;8.8;6
6.8;0.27;0.26;16.1;0.049;55.0;196.0;0.9984;3.15;0.5;9.3;5
6.9;0.32;0.3;1.8;0.036000000000000004;28.0;117.0;0.99269;3.24;0.48;11.0;6
7.6;0.52;0.49;14.0;0.034;37.0;156.0;0.9958;3.14;0.38;11.8;7
6.6;0.26;0.21;2.9;0.026000000000000002;48.0;126.0;0.9908899999999999;3.22;0.38;11.3;7
5.8;0.23;0.27;1.8;0.043;24.0;69.0;0.9933;3.38;0.31;9.4;6
6.8;0.26;0.29;11.9;0.052000000000000005;54.0;160.0;0.99546;3.03;0.58;10.4;6
6.9;0.31;0.34;7.4;0.059000000000000004;36.0;174.0;0.9963;3.46;0.62;11.1;7
6.6;0.22;0.23;17.3;0.047;37.0;118.0;0.9990600000000001;3.08;0.46;8.8;6
6.5;0.21;0.51;17.6;0.045;34.0;125.0;0.99966;3.2;0.47;8.8;6
6.7;0.35;0.32;9.0;0.032;29.0;113.0;0.9918799999999999;3.13;0.65;12.9;7
7.3;0.2;0.37;1.2;0.037000000000000005;48.0;119.0;0.992;3.32;0.49;10.9;6
7.8;0.28;0.22;1.4;0.055999999999999994;24.0;130.0;0.9944;3.28;0.48;9.5;5
6.6;0.22;0.37;15.4;0.035;62.0;153.0;0.99845;3.02;0.4;9.3;5
6.5;0.43;0.28;11.25;0.032;31.0;87.0;0.9922;3.02;0.38;12.4;6
6.5;0.13;0.27;2.6;0.035;32.0;76.0;0.9914;3.21;0.76;11.333333333333302;6
5.6;0.15;0.26;5.55;0.051;51.0;139.0;0.99336;3.47;0.5;11.0;6
6.2;0.27;0.32;6.3;0.048;47.0;159.0;0.99282;3.21;0.6;11.0;6
7.4;0.34;0.28;12.1;0.049;31.0;149.0;0.99677;3.22;0.49;10.3;5
7.8;0.28;0.34;1.6;0.027999999999999997;32.0;118.0;0.9901;3.0;0.38;12.1;7
7.5;0.18;0.31;6.5;0.028999999999999998;53.0;160.0;0.9927600000000001;3.03;0.38;10.9;6
6.8;0.18;0.28;8.7;0.047;52.0;242.0;0.9952;3.22;0.53;10.5;6
8.7;0.31;0.73;14.35;0.044000000000000004;27.0;191.0;1.00013;2.96;0.88;8.7;5
6.9;0.24;0.34;4.7;0.04;43.0;161.0;0.9935;3.2;0.59;10.6;6
6.6;0.36;0.52;11.3;0.046;8.0;110.0;0.9966;3.07;0.46;9.4;5
5.8;0.29;0.21;2.6;0.025;12.0;120.0;0.9894;3.39;0.79;14.0;7
7.2;0.18;0.45;4.4;0.046;57.0;166.0;0.9943;3.13;0.62;11.2;6
7.6;0.21;0.44;1.9;0.036000000000000004;10.0;119.0;0.9913;3.01;0.7;12.8;6
5.7;0.33;0.15;1.9;0.05;20.0;93.0;0.9934;3.38;0.62;9.9;5
8.2;0.345;1.0;18.2;0.047;55.0;205.0;0.99965;2.96;0.43;9.6;5
6.6;0.18;0.26;17.3;0.051;17.0;149.0;0.9984;3.0;0.43;9.4;6
7.1;0.34;0.32;2.0;0.051;29.0;130.0;0.99354;3.3;0.5;10.4;6
7.0;0.27;0.74;1.5;0.036000000000000004;27.0;122.0;0.9926;3.35;0.48;11.2;6
7.6;0.23;0.29;8.6;0.053;65.0;146.0;0.9963;3.11;0.32;9.8;6
6.6;0.36;0.28;6.1;0.028999999999999998;12.0;93.0;0.99054;3.19;0.27;12.8;7
6.8;0.27;0.12;1.3;0.04;87.0;168.0;0.992;3.18;0.41;10.0;5
5.8;0.14;0.15;6.1;0.042;27.0;123.0;0.9936200000000001;3.06;0.6;9.9;6
6.7;0.31;0.32;14.5;0.038;6.0;79.0;0.9941200000000001;3.14;0.34;12.5;5
6.5;0.35;0.36;0.8;0.034;32.0;111.0;0.9894200000000001;3.11;0.5;12.1;8
6.8;0.25;0.24;4.55;0.053;41.0;211.0;0.9955;3.37;0.67;9.5;6
7.0;0.12;0.29;10.3;0.039;41.0;98.0;0.99564;3.19;0.38;9.8;8
6.6;0.22;0.58;1.1;0.133;52.0;136.0;0.9932;3.1;0.3;9.1;5
6.9;0.2;0.4;7.7;0.032;51.0;176.0;0.9939;3.22;0.27;11.4;5
6.1;0.41;0.24;1.6;0.049;16.0;137.0;0.993;3.32;0.5;10.4;6
5.4;0.59;0.07;7.0;0.045;36.0;147.0;0.9944;3.34;0.57;9.7;6
8.6;0.16;0.38;3.4;0.04;41.0;143.0;0.9932;2.95;0.39;10.2;6
6.3;0.2;0.37;11.8;0.045;58.0;130.0;0.99519;3.2;0.35;10.8;5
7.3;0.41;0.24;6.8;0.057;41.0;163.0;0.9949;3.2;0.41;9.9;6
6.3;0.2;0.18;10.6;0.045;57.0;159.0;0.99666;3.09;0.54;9.2;5
7.7;0.39;0.28;4.9;0.035;36.0;109.0;0.9918;3.19;0.58;12.2;7
7.1;0.43;0.25;2.8;0.036000000000000004;43.0;132.0;0.98975;3.21;0.47;13.4;6
6.5;0.25;0.45;7.8;0.048;52.0;188.0;0.9957600000000001;3.2;0.53;9.1;5
6.0;0.2;0.24;1.8;0.03;30.0;105.0;0.9909;3.31;0.47;11.5;6
7.4;0.24;0.42;14.0;0.066;48.0;198.0;0.9979;2.89;0.42;8.9;6
8.2;0.24;0.49;9.3;0.038;52.0;163.0;0.9952;3.02;0.33;10.6;6
7.4;0.16;0.3;13.7;0.055999999999999994;33.0;168.0;0.99825;2.9;0.44;8.7;7
7.2;0.31;0.5;13.3;0.055999999999999994;68.0;195.0;0.9982;3.01;0.47;9.2;5
6.4;0.31;0.26;13.2;0.046;57.0;205.0;0.9975;3.17;0.41;9.6;5
6.8;0.43;0.26;5.2;0.043;40.0;176.0;0.99116;3.17;0.41;12.3;6
5.7;0.31;0.29;7.3;0.05;33.0;143.0;0.9933200000000001;3.31;0.5;11.066666666666698;6
7.0;0.16;0.73;1.0;0.138;58.0;150.0;0.9936;3.08;0.3;9.2;5
7.6;0.38;0.2;3.4;0.046;9.0;116.0;0.9944;3.15;0.41;9.4;5
7.3;0.36;0.62;7.1;0.033;48.0;185.0;0.99472;3.14;0.62;10.6;6
8.5;0.23;0.28;11.1;0.033;30.0;97.0;0.9950700000000001;3.03;0.39;10.5;7
5.8;0.27;0.2;7.3;0.04;42.0;145.0;0.9944200000000001;3.15;0.48;9.8;5
6.1;0.28;0.24;19.95;0.07400000000000001;32.0;174.0;0.9992200000000001;3.19;0.44;9.3;6
6.8;0.26;0.22;7.7;0.047;57.0;210.0;0.9959;3.1;0.47;9.0;5
7.0;0.34;0.3;1.8;0.045;44.0;142.0;0.9914;2.99;0.45;10.8;6
5.6;0.235;0.29;1.2;0.047;33.0;127.0;0.991;3.34;0.5;11.0;7
6.1;0.2;0.25;1.2;0.038;34.0;128.0;0.9921;3.24;0.44;10.1;5
5.7;0.25;0.22;9.8;0.049;50.0;125.0;0.99571;3.2;0.45;10.1;6
7.2;0.28;0.38;2.0;0.052000000000000005;23.0;156.0;0.9912;3.13;0.52;11.1;5
7.9;0.29;0.39;6.7;0.036000000000000004;6.0;117.0;0.9938;3.12;0.42;10.7;5
6.4;0.37;0.2;5.6;0.11699999999999999;61.0;183.0;0.99459;3.24;0.43;9.5;5
6.6;0.25;0.3;14.4;0.052000000000000005;40.0;183.0;0.998;3.02;0.5;9.1;6
7.4;0.25;0.29;6.8;0.02;31.0;113.0;0.9933799999999999;3.13;0.29;10.8;6
8.1;0.26;0.3;7.8;0.049;39.0;152.0;0.9954;2.99;0.58;10.0;6
7.6;0.17;0.27;4.6;0.05;23.0;98.0;0.9942200000000001;3.08;0.47;9.5;6
6.0;0.28;0.27;15.5;0.036000000000000004;31.0;134.0;0.99408;3.19;0.44;13.0;7
6.1;0.18;0.36;2.0;0.038;20.0;249.5;0.9923;3.37;0.79;11.3;6
6.1;0.15;0.29;6.2;0.046;39.0;151.0;0.99471;3.6;0.44;10.6;6
6.9;0.15;0.29;2.3;0.033;14.0;82.0;0.9913200000000001;3.1;0.58;11.2;7
7.5;0.305;0.4;18.9;0.059000000000000004;44.0;170.0;1.0;2.99;0.46;9.0;5
7.7;0.39;0.34;10.0;0.055999999999999994;35.0;178.0;0.9974;3.26;0.6;10.2;5
7.4;0.155;0.34;2.3;0.045;73.5;214.0;0.9934;3.18;0.61;9.9;7
6.7;0.13;0.45;4.2;0.043;52.0;131.0;0.9916200000000001;3.06;0.54;11.3;6
6.5;0.23;0.36;16.3;0.038;43.0;133.0;0.99924;3.26;0.41;8.8;5
6.2;0.23;0.23;1.2;0.018000000000000002;18.0;128.0;0.9917799999999999;3.05;0.28;10.6;5
7.0;0.24;0.24;9.0;0.03;42.0;219.0;0.99636;3.47;0.46;10.2;6
7.4;0.3;0.22;5.25;0.053;33.0;180.0;0.9926;3.13;0.45;11.6;6
7.2;0.27;0.74;12.5;0.037000000000000005;47.0;156.0;0.9981;3.04;0.44;8.7;5
7.1;0.18;0.39;15.25;0.047;45.0;158.0;0.99946;3.34;0.77;9.1;6
7.7;0.31;0.26;7.8;0.031;23.0;90.0;0.9944;3.13;0.5;10.4;5
5.8;0.275;0.3;5.4;0.043;41.0;149.0;0.9926;3.33;0.42;10.8;7
7.2;0.27;0.46;18.75;0.052000000000000005;45.0;255.0;1.0;3.04;0.52;8.9;5
6.8;0.22;0.35;17.5;0.039;38.0;153.0;0.9994;3.24;0.42;9.0;6
7.2;0.34;0.2;5.8;0.062;52.0;203.0;0.99461;3.17;0.44;9.8;6
6.4;0.29;0.21;9.65;0.040999999999999995;36.0;119.0;0.99334;2.99;0.34;10.933333333333302;6
5.2;0.405;0.15;1.45;0.038;10.0;44.0;0.99125;3.52;0.4;11.6;4
8.5;0.24;0.47;15.2;0.057;40.0;234.0;1.0005;3.02;0.66;9.0;5
5.8;0.23;0.2;2.0;0.043;39.0;154.0;0.99226;3.21;0.39;10.2;6
7.2;0.23;0.39;2.3;0.033;29.0;102.0;0.9908;3.26;0.54;12.3;7
7.9;0.64;0.46;10.6;0.244;33.0;227.0;0.9983;2.87;0.74;9.1;3
6.4;0.22;0.49;7.5;0.054000000000000006;42.0;151.0;0.9948;3.27;0.52;10.1;6
7.0;0.34;0.1;3.5;0.044000000000000004;17.0;63.0;0.9937;3.01;0.39;9.2;5
6.3;0.24;0.74;1.4;0.172;24.0;108.0;0.9932;3.27;0.39;9.9;6
6.8;0.25;0.3;11.8;0.043;53.0;133.0;0.99524;3.03;0.58;10.4;6
7.0;0.12;0.19;4.9;0.055;27.0;127.0;0.9953;3.29;0.41;9.4;5
6.6;0.54;0.21;16.3;0.055;41.0;182.0;0.9986;3.35;0.54;10.4;6
6.7;0.24;0.32;10.3;0.079;37.0;122.0;0.9966200000000001;3.02;0.45;8.8;5
5.9;0.27;0.27;9.0;0.051;43.0;136.0;0.9941;3.25;0.53;10.7;6
6.9;0.3;0.25;3.3;0.040999999999999995;26.0;124.0;0.9942799999999999;3.18;0.5;9.3;6
6.6;0.24;0.24;8.6;0.034;25.0;135.0;0.99582;3.33;0.59;10.3;6
8.0;0.22;0.31;5.6;0.049;24.0;97.0;0.993;3.1;0.42;10.9;5
6.4;0.24;0.32;14.9;0.047;54.0;162.0;0.9968;3.28;0.5;10.2;6
6.6;0.25;0.35;2.9;0.034;38.0;121.0;0.99008;3.19;0.4;12.8;6
6.6;0.27;0.32;1.3;0.044000000000000004;18.0;93.0;0.99044;3.11;0.56;12.25;5
7.1;0.21;0.27;8.6;0.055999999999999994;26.0;111.0;0.9956;2.95;0.52;9.5;5
6.8;0.15;0.41;12.9;0.044000000000000004;79.5;183.0;0.9974200000000001;3.24;0.78;10.2;6
6.4;0.24;0.49;5.8;0.053;25.0;120.0;0.9942;3.01;0.98;10.5;6
9.8;0.42;0.48;9.85;0.034;5.0;110.0;0.9958;2.87;0.29;10.0;5
7.1;0.34;0.2;6.1;0.063;47.0;164.0;0.9946;3.17;0.42;10.0;5
7.3;0.25;0.27;3.8;0.047;16.0;79.0;0.9917299999999999;3.07;0.46;11.3;6
8.9;0.34;0.34;1.6;0.055999999999999994;13.0;176.0;0.9946;3.14;0.47;9.7;5
5.8;0.3;0.12;1.6;0.036000000000000004;57.0;163.0;0.99239;3.38;0.59;10.5;6
6.9;0.28;0.24;2.1;0.034;49.0;121.0;0.98882;2.98;0.43;13.2;7
7.2;0.39;0.63;11.0;0.044000000000000004;55.0;156.0;0.9974;3.09;0.44;8.7;6
6.5;0.32;0.12;11.5;0.033;35.0;165.0;0.9974;3.22;0.32;9.0;5
7.3;0.25;0.29;7.5;0.049;38.0;158.0;0.9965;3.43;0.38;9.6;5
7.1;0.26;0.19;8.2;0.051;53.0;187.0;0.996;3.16;0.52;9.7;5
7.6;0.31;0.49;13.4;0.062;50.0;191.0;0.9989;3.22;0.53;9.0;4
6.9;0.19;0.35;1.7;0.036000000000000004;33.0;101.0;0.99315;3.21;0.54;10.8;7
5.3;0.32;0.12;6.6;0.043;22.0;141.0;0.9937;3.36;0.6;10.4;6
6.5;0.28;0.26;8.8;0.04;44.0;139.0;0.9956;3.32;0.37;10.2;6
6.4;0.25;0.32;0.9;0.034;40.0;114.0;0.9911399999999999;3.31;0.58;10.8;7
6.9;0.29;0.4;19.45;0.043;36.0;156.0;0.9996;2.93;0.47;8.9;5
6.6;0.25;0.39;1.45;0.04;40.0;89.0;0.9911;3.35;0.4;11.4;7
5.8;0.36;0.38;0.9;0.037000000000000005;3.0;75.0;0.9904;3.28;0.34;11.4;4
5.7;0.265;0.28;6.9;0.036000000000000004;46.0;150.0;0.9929899999999999;3.36;0.44;10.8;7
7.6;0.26;0.47;1.6;0.068;5.0;55.0;0.9944;3.1;0.45;9.6;5
7.8;0.27;0.33;2.4;0.053;36.0;175.0;0.992;3.2;0.55;11.0;6
7.0;0.24;0.35;1.5;0.052000000000000005;51.0;128.0;0.9941;3.41;0.59;10.4;7
6.5;0.21;0.4;7.3;0.040999999999999995;49.0;115.0;0.9926799999999999;3.21;0.43;11.0;6
7.15;0.17;0.24;9.6;0.11900000000000001;56.0;178.0;0.9957799999999999;3.15;0.44;10.2;6
6.4;0.32;0.23;16.2;0.055;36.0;176.0;0.9986;3.26;0.54;9.1;5
7.4;0.19;0.3;12.8;0.053;48.5;212.0;0.9986;3.14;0.49;9.1;7
7.7;0.11;0.34;14.05;0.04;41.0;114.0;0.99634;3.07;0.59;11.0;7
6.5;0.18;0.48;18.0;0.054000000000000006;56.0;183.0;1.0003799999999998;2.98;0.61;8.5;6
6.1;0.4;0.18;9.0;0.051;28.5;259.0;0.9964;3.19;0.5;8.8;5
5.9;0.17;0.28;0.7;0.027000000000000003;5.0;28.0;0.98985;3.13;0.32;10.6;5
6.5;0.18;0.41;14.2;0.039;47.0;129.0;0.9967799999999999;3.28;0.72;10.3;7
6.5;0.26;0.27;12.9;0.044000000000000004;69.0;215.0;0.9967;3.17;0.43;10.0;6
8.5;0.28;0.34;13.8;0.040999999999999995;32.0;161.0;0.9981;3.13;0.4;9.9;6
6.5;0.41;0.22;4.8;0.052000000000000005;49.0;142.0;0.9946;3.14;0.62;9.2;5
6.7;0.48;0.32;1.4;0.021;22.0;121.0;0.9889;3.15;0.53;12.7;7
5.4;0.255;0.33;1.2;0.051;29.0;122.0;0.9904799999999999;3.37;0.66;11.3;6
7.8;0.19;0.26;8.9;0.039;42.0;182.0;0.996;3.18;0.46;9.9;6
6.0;0.24;0.33;2.5;0.026000000000000002;31.0;85.0;0.9901399999999999;3.13;0.5;11.3;7
9.2;0.35;0.39;0.9;0.042;15.0;61.0;0.9924;2.96;0.28;10.4;4
7.4;0.4;0.29;5.4;0.044000000000000004;31.0;122.0;0.9940000000000001;3.3;0.5;11.1;8
6.2;0.28;0.28;4.3;0.026000000000000002;22.0;105.0;0.9890000000000001;2.98;0.64;13.1;8
6.3;0.67;0.48;12.6;0.052000000000000005;57.0;222.0;0.9979;3.17;0.52;9.3;6
7.4;0.19;0.31;14.5;0.045;39.0;193.0;0.9986;3.1;0.5;9.2;6
6.2;0.28;0.51;7.9;0.055999999999999994;49.0;206.0;0.9956;3.18;0.52;9.4;5
7.2;0.17;0.37;6.9;0.059000000000000004;47.0;128.0;0.9932200000000001;3.08;0.46;11.0;7
6.0;0.28;0.25;1.8;0.042;8.0;108.0;0.9929;3.08;0.55;9.0;5
7.3;0.33;0.22;1.4;0.040999999999999995;40.0;177.0;0.99287;3.14;0.48;9.9;5
7.4;0.155;0.34;2.3;0.045;73.5;214.0;0.9934;3.18;0.61;9.9;7
6.8;0.18;0.3;12.8;0.062;19.0;171.0;0.99808;3.0;0.52;9.0;7
7.3;0.25;0.41;1.8;0.037000000000000005;52.0;165.0;0.9911;3.29;0.39;12.2;7
5.8;0.29;0.15;1.1;0.028999999999999998;12.0;83.0;0.9898;3.3;0.4;11.4;6
5.3;0.31;0.38;10.5;0.031;53.0;140.0;0.99321;3.34;0.46;11.7;6
5.8;0.315;0.27;1.55;0.026000000000000002;15.0;70.0;0.9899399999999999;3.37;0.4;11.9;8
6.7;0.25;0.26;13.5;0.06;50.0;156.0;0.99784;3.39;0.46;9.9;6
7.6;0.67;0.14;1.5;0.07400000000000001;25.0;168.0;0.9937;3.05;0.51;9.3;5
5.8;0.17;0.34;1.8;0.045;96.0;170.0;0.99035;3.38;0.9;11.8;8
7.6;0.13;0.34;9.3;0.062;40.0;126.0;0.9966;3.21;0.39;9.6;5
6.8;0.22;0.26;1.2;0.040999999999999995;29.0;182.0;0.9910399999999999;3.04;0.35;11.2;5
6.8;0.27;0.35;7.8;0.048;76.0;197.0;0.9959;3.24;0.43;9.5;6
6.7;0.24;0.33;12.3;0.046;31.0;145.0;0.9983;3.36;0.4;9.5;5
6.4;0.12;0.3;1.1;0.031;37.0;94.0;0.9898600000000001;3.01;0.56;11.7;6
6.1;0.15;0.29;6.2;0.046;39.0;151.0;0.99471;3.6;0.44;10.6;6
6.9;0.16;0.35;1.3;0.043;21.0;182.0;0.9927;3.25;0.62;10.8;6
6.3;0.23;0.21;5.1;0.035;29.0;142.0;0.9942;3.36;0.33;10.1;7
6.1;0.28;0.3;7.75;0.031;33.0;139.0;0.9929600000000001;3.22;0.46;11.0;6
6.7;0.27;0.25;8.0;0.053;54.0;202.0;0.9961;3.22;0.43;9.3;5
6.8;0.25;0.27;10.7;0.076;47.0;154.0;0.9967;3.05;0.38;9.0;5
6.8;0.25;0.18;1.4;0.055999999999999994;13.0;137.0;0.9935;3.11;0.42;9.5;5
8.8;0.35;0.49;1.0;0.036000000000000004;14.0;56.0;0.992;2.96;0.33;10.5;4
7.4;0.26;0.43;6.0;0.022000000000000002;22.0;125.0;0.9928;3.13;0.55;11.5;6
8.4;0.3;0.25;17.75;0.047;25.0;218.0;1.00016;2.98;0.66;9.1;5
6.0;0.14;0.37;1.2;0.032;63.0;148.0;0.99185;3.32;0.44;11.2;5
6.2;0.24;0.27;16.8;0.04;48.0;129.0;0.9969100000000001;3.23;0.38;10.5;6
7.0;0.16;0.25;14.3;0.044000000000000004;27.0;149.0;0.998;2.91;0.46;9.2;6
5.4;0.45;0.27;6.4;0.033;20.0;102.0;0.98944;3.22;0.27;13.4;8
5.7;0.28;0.35;1.2;0.052000000000000005;39.0;141.0;0.99108;3.44;0.69;11.3;6
6.9;0.39;0.22;4.3;0.03;10.0;102.0;0.993;3.0;0.87;11.6;4
7.3;0.25;0.36;2.1;0.034;30.0;177.0;0.99085;3.25;0.4;11.9;8
6.7;0.29;0.49;4.7;0.034;35.0;156.0;0.9945;3.13;0.45;9.9;6
6.4;0.43;0.32;1.4;0.048;10.0;67.0;0.992;3.08;0.41;11.4;5
6.6;0.25;0.31;12.4;0.059000000000000004;52.0;181.0;0.9984;3.51;0.47;9.8;6
6.4;0.25;0.37;4.5;0.039;41.0;147.0;0.9921;3.18;0.4;11.1;7
6.7;0.19;0.34;1.0;0.022000000000000002;22.0;94.0;0.9912;3.23;0.57;11.1;6
7.6;0.52;0.49;14.0;0.034;37.0;156.0;0.9958;3.14;0.38;11.8;7
6.7;0.19;0.39;1.0;0.032;14.0;71.0;0.9891200000000001;3.31;0.38;13.0;7
5.8;0.2;0.27;1.4;0.031;12.0;77.0;0.9905;3.25;0.36;10.9;7
7.9;0.19;0.26;2.1;0.039;8.0;143.0;0.9942;3.05;0.74;9.8;5
6.6;0.16;0.25;9.8;0.049;59.5;137.0;0.995;3.16;0.38;10.0;6
6.1;0.68;0.52;1.4;0.037000000000000005;32.0;123.0;0.9902200000000001;3.24;0.45;12.0;6
6.6;0.18;0.28;1.7;0.040999999999999995;53.0;161.0;0.9920700000000001;3.13;0.45;10.2;6
7.7;0.4;0.27;4.5;0.034;27.0;95.0;0.99175;3.21;0.59;12.3;8
7.1;0.44;0.23;5.8;0.035;24.0;100.0;0.9906200000000001;3.15;0.57;13.2;7
6.1;0.17;0.42;15.1;0.033;28.0;124.0;0.99684;2.87;0.47;9.5;5
6.2;0.2;0.31;1.0;0.031;22.0;73.0;0.99035;3.24;0.52;11.3;6
6.7;0.19;0.32;3.7;0.040999999999999995;26.0;76.0;0.9917299999999999;2.9;0.57;10.5;7
7.3;0.34;0.3;1.3;0.057;25.0;173.0;0.9948;3.26;0.51;9.1;6
7.7;0.16;0.49;2.0;0.055999999999999994;20.0;124.0;0.9948;3.32;0.49;10.7;6
7.0;0.32;0.29;7.6;0.025;35.0;124.0;0.9916200000000001;3.15;0.65;12.8;7
8.1;0.33;0.36;7.4;0.037000000000000005;36.0;156.0;0.99592;3.19;0.54;10.6;6
7.7;0.23;0.31;10.7;0.038;59.0;186.0;0.9969;3.12;0.55;9.5;6
7.2;0.16;0.26;7.1;0.054000000000000006;41.0;224.0;0.9966;3.38;0.55;10.1;5
6.3;0.35;0.3;5.7;0.035;8.0;97.0;0.9927;3.27;0.41;11.0;7
4.8;0.225;0.38;1.2;0.07400000000000001;47.0;130.0;0.9913200000000001;3.31;0.4;10.3;6
6.5;0.24;0.36;2.2;0.027000000000000003;36.0;134.0;0.9898;3.28;0.36;12.5;7
9.5;0.42;0.41;2.3;0.034;22.0;145.0;0.9951;3.06;0.52;11.0;6
6.4;0.26;0.24;6.4;0.04;27.0;124.0;0.9903;3.22;0.49;12.6;7
6.8;0.29;0.49;1.4;0.142;52.0;148.0;0.9937;3.08;0.49;9.0;6
7.4;0.41;0.34;4.7;0.042;19.0;127.0;0.9953;3.25;0.42;10.4;5
7.5;0.32;0.37;1.2;0.048;22.0;184.0;0.9938;3.09;0.43;9.3;5
7.4;0.28;0.4;11.9;0.032;13.0;92.0;0.99629;3.01;0.46;10.8;4
7.8;0.2;0.32;5.0;0.016;31.0;101.0;0.9918600000000001;2.99;0.39;11.0;6
7.3;0.3;0.42;7.35;0.025;51.0;175.0;0.9928;3.04;0.32;11.4;6
7.7;0.3;0.32;1.6;0.037000000000000005;23.0;124.0;0.9919;2.93;0.33;11.0;6
6.7;0.24;0.29;14.9;0.053;55.0;136.0;0.99839;3.03;0.52;9.0;5
7.4;0.16;0.3;13.7;0.055999999999999994;33.0;168.0;0.99825;2.9;0.44;8.7;7
6.1;0.3;0.3;2.1;0.031;50.0;163.0;0.9895;3.39;0.43;12.7;7
6.7;0.26;0.51;8.0;0.062;50.0;194.0;0.99545;3.13;0.5;9.6;5
6.0;0.28;0.24;17.8;0.047;42.0;111.0;0.9989600000000001;3.1;0.45;8.9;6
5.9;0.32;0.39;3.3;0.114;24.0;140.0;0.9934;3.09;0.45;9.2;6
8.3;0.25;0.33;2.5;0.053;12.0;72.0;0.9940399999999999;2.89;0.48;9.5;5
6.9;0.22;0.31;6.3;0.028999999999999998;41.0;131.0;0.99326;3.08;0.49;10.8;6
6.1;0.22;0.28;16.55;0.059000000000000004;54.0;135.0;0.99665;3.2;0.38;10.5;5
6.8;0.22;0.29;8.9;0.046;82.0;188.0;0.9955;3.3;0.44;10.3;6
5.7;0.39;0.25;4.9;0.033;49.0;113.0;0.98966;3.26;0.58;13.1;7
6.7;0.18;0.25;14.3;0.048;79.0;149.0;0.9975;3.12;0.37;9.7;5
6.3;0.17;0.32;4.2;0.04;37.0;117.0;0.99182;3.24;0.43;11.3;6
6.1;0.28;0.26;1.5;0.03;25.0;101.0;0.9889399999999999;3.03;0.41;12.1;6
6.5;0.48;0.02;0.9;0.043;32.0;99.0;0.99226;3.14;0.47;9.8;4
6.3;0.23;0.5;10.4;0.043;61.0;132.0;0.9954200000000001;2.86;0.46;9.1;6
6.0;0.21;0.38;0.8;0.02;22.0;98.0;0.98941;3.26;0.32;11.8;6
7.0;0.24;0.35;1.0;0.032;42.0;104.0;0.98988;3.16;0.37;11.7;7
5.8;0.28;0.3;1.5;0.026000000000000002;31.0;114.0;0.9895200000000001;3.32;0.6;12.5;7
6.3;0.2;0.58;1.4;0.204;15.0;97.0;0.9931;3.16;0.43;10.0;6
8.2;0.15;0.48;2.7;0.052000000000000005;24.0;190.0;0.995;3.5;0.45;10.9;7
5.3;0.16;0.39;1.0;0.027999999999999997;40.0;101.0;0.99156;3.57;0.59;10.6;6
7.4;0.19;0.31;14.5;0.045;39.0;193.0;0.9986;3.1;0.5;9.2;6
7.7;0.38;0.4;2.0;0.038;28.0;152.0;0.9906;3.18;0.32;12.9;6
6.4;0.25;0.32;11.3;0.038;69.0;192.0;0.9957299999999999;3.14;0.5;10.2;6
7.0;0.12;0.28;6.3;0.057;17.0;103.0;0.9957;3.5;0.44;9.6;5
7.3;0.31;0.69;10.2;0.040999999999999995;58.0;160.0;0.9977;3.06;0.45;8.6;5
7.6;0.31;0.23;12.7;0.054000000000000006;20.0;139.0;0.99836;3.16;0.5;9.7;4
6.1;0.28;0.16;1.3;0.06;36.0;126.0;0.9935299999999999;3.13;0.46;8.7;6
6.2;0.36;0.22;5.25;0.038;44.0;145.0;0.9918399999999999;3.22;0.4;11.2;6
6.6;0.2;0.27;10.9;0.038;29.0;130.0;0.9949600000000001;3.11;0.44;10.5;7
6.1;0.3;0.47;1.4;0.049;50.0;187.0;0.9927;3.19;0.45;9.5;5
8.2;0.21;0.32;10.65;0.053;53.0;145.0;0.9972;3.17;0.48;10.2;6
5.0;0.235;0.27;11.75;0.03;34.0;118.0;0.9954;3.07;0.5;9.4;6
7.1;0.43;0.61;11.8;0.045;54.0;155.0;0.9974;3.11;0.45;8.7;5
6.1;0.44;0.28;4.25;0.032;43.0;132.0;0.9916;3.26;0.47;11.266666666666698;7
7.1;0.12;0.32;9.6;0.054000000000000006;64.0;162.0;0.9962;3.4;0.41;9.4;5
6.7;0.21;0.42;9.1;0.049;31.0;150.0;0.9953;3.12;0.74;9.9;7
5.8;0.555;0.26;4.5;0.053;17.0;126.0;0.9943;3.24;0.46;9.1;5
7.8;0.27;0.34;1.6;0.046;27.0;154.0;0.9927;3.05;0.45;10.5;6
7.6;0.35;0.46;14.7;0.047;33.0;151.0;0.9970899999999999;3.03;0.53;10.3;5
7.2;0.23;0.38;14.3;0.057999999999999996;55.0;194.0;0.9979;3.09;0.44;9.0;6
7.0;0.31;0.39;7.5;0.055;42.0;218.0;0.9965200000000001;3.37;0.54;10.3;5
6.5;0.36;0.31;13.55;0.053;20.0;113.0;0.99544;3.2;0.56;11.0;6
7.5;0.28;0.78;12.1;0.040999999999999995;53.0;161.0;0.9983799999999999;2.98;0.44;8.7;5
6.3;0.21;0.31;1.2;0.043;30.0;117.0;0.9915799999999999;3.49;0.68;11.0;6
7.6;0.38;0.28;4.2;0.028999999999999998;7.0;112.0;0.9906;3.0;0.41;12.6;6
6.7;0.34;0.31;16.4;0.051;20.0;146.0;0.99834;3.06;0.54;9.1;5
6.3;0.41;0.3;3.2;0.03;49.0;164.0;0.9927;3.53;0.79;11.7;7
7.6;0.37;0.51;11.7;0.094;58.0;181.0;0.9977600000000001;2.91;0.51;9.0;5
6.3;0.26;0.21;4.0;0.03;24.0;125.0;0.9915;3.06;0.34;10.7;6
6.6;0.42;0.33;2.8;0.034;15.0;85.0;0.99;3.28;0.51;13.4;6
6.4;0.15;0.29;1.8;0.044000000000000004;21.0;115.0;0.99166;3.1;0.38;10.2;5
6.9;0.26;0.27;4.2;0.031;20.0;80.0;0.9908899999999999;3.12;0.39;11.5;6
6.8;0.45;0.36;5.0;0.033;28.0;156.0;0.991;3.11;0.4;12.4;7
6.4;0.37;0.19;3.5;0.068;18.0;101.0;0.9934;3.03;0.38;9.0;6
6.5;0.33;0.24;14.5;0.048;20.0;96.0;0.99456;3.06;0.3;11.5;8
5.7;0.26;0.3;1.8;0.039;30.0;105.0;0.98995;3.48;0.52;12.5;7
7.6;0.285;0.32;14.6;0.063;32.0;201.0;0.998;3.0;0.45;9.2;5
7.2;0.24;0.29;3.0;0.036000000000000004;17.0;117.0;0.99411;3.36;0.68;10.1;6
6.5;0.26;0.43;8.9;0.083;50.0;171.0;0.9965;2.85;0.5;9.0;5
6.0;0.2;0.26;14.7;0.045;53.0;125.0;0.998365;2.99;0.69;9.4;6
7.6;0.27;0.52;3.2;0.043;28.0;152.0;0.99129;3.02;0.53;11.4;6
6.6;0.25;0.42;11.3;0.049;77.0;231.0;0.9966;3.24;0.52;9.5;6
8.7;0.34;0.46;13.8;0.055;68.0;198.0;0.9988;3.36;0.37;9.5;6
6.1;0.6;0.0;1.3;0.042;24.0;79.0;0.9937;3.31;0.38;9.4;4
6.6;0.37;0.47;6.5;0.061;23.0;150.0;0.9954;3.14;0.45;9.6;6
7.9;0.14;0.74;1.2;0.027999999999999997;30.0;165.0;0.991;3.08;0.82;12.3;6
6.8;0.27;0.3;13.0;0.047;69.0;160.0;0.99705;3.16;0.5;9.6;6
7.4;0.28;0.5;12.1;0.049;48.0;122.0;0.9973;3.01;0.44;9.0;5
6.3;0.3;0.48;7.4;0.053;34.0;149.0;0.99472;3.18;0.53;9.8;5
7.1;0.14;0.35;1.4;0.039;24.0;128.0;0.9921200000000001;2.97;0.68;10.4;5
7.6;0.13;0.34;9.3;0.062;40.0;126.0;0.9966;3.21;0.39;9.6;5
7.0;0.15;0.38;15.3;0.045;54.0;120.0;0.9975;3.18;0.42;9.8;6
7.0;0.25;0.56;2.0;0.035;20.0;95.0;0.9918;3.23;0.53;11.0;6
6.9;0.22;0.32;5.8;0.040999999999999995;20.0;119.0;0.9929600000000001;3.17;0.55;11.2;6
6.4;0.27;0.49;7.3;0.046;53.0;206.0;0.9956;3.24;0.43;9.2;6
8.2;0.38;0.49;13.6;0.042;58.0;166.0;0.99855;3.1;0.54;9.4;5
7.3;0.22;0.26;1.5;0.04;32.0;172.0;0.9919399999999999;3.27;0.48;11.2;6
7.8;0.26;0.49;3.1;0.045;21.0;116.0;0.9931;3.16;0.35;10.3;5
6.6;0.21;0.34;5.6;0.046;30.0;140.0;0.9929899999999999;3.22;0.38;11.0;5
8.7;0.45;0.4;1.5;0.067;17.0;100.0;0.9957;3.27;0.57;10.1;6
6.7;0.27;0.33;3.6;0.034;9.0;45.0;0.99144;3.08;0.4;10.5;6
7.0;0.45;0.34;19.8;0.04;12.0;67.0;0.9976;3.07;0.38;11.0;6
8.0;0.25;0.27;9.7;0.036000000000000004;15.0;85.0;0.99406;2.99;0.36;11.2;6
6.9;0.15;0.29;2.3;0.033;14.0;82.0;0.9913200000000001;3.1;0.58;11.2;7
6.6;0.32;0.22;16.7;0.046;38.0;133.0;0.9979;3.22;0.67;10.4;6
6.6;0.39;0.39;11.9;0.057;51.0;221.0;0.99851;3.26;0.51;8.9;6
6.0;0.32;0.12;5.9;0.040999999999999995;34.0;190.0;0.9944;3.16;0.72;10.0;5
6.4;0.3;0.27;5.0;0.057999999999999996;27.0;151.0;0.99198;3.22;0.49;12.2;6
6.0;0.22;0.25;11.1;0.055999999999999994;112.0;177.0;0.9961;3.08;0.36;9.4;6
6.1;0.38;0.42;5.0;0.016;31.0;113.0;0.9900700000000001;3.15;0.31;12.4;7
6.9;0.24;0.35;1.0;0.052000000000000005;35.0;146.0;0.993;3.45;0.44;10.0;6
7.4;0.25;0.36;13.2;0.067;53.0;178.0;0.9976;3.01;0.48;9.0;6
6.1;0.28;0.27;4.7;0.03;56.0;140.0;0.9904200000000001;3.16;0.42;12.5;8
7.1;0.25;0.39;2.1;0.036000000000000004;30.0;124.0;0.9908;3.28;0.43;12.2;8
5.9;0.29;0.33;7.4;0.037000000000000005;58.0;205.0;0.99495;3.26;0.41;9.6;5
7.0;0.28;0.33;14.6;0.043;47.0;168.0;0.9994;3.34;0.67;8.8;6
6.5;0.3;0.32;2.0;0.044000000000000004;34.0;90.0;0.99185;3.37;0.68;11.0;7
8.0;0.2;0.36;1.2;0.032;21.0;78.0;0.9921;3.08;0.37;10.4;6
5.9;0.24;0.28;1.3;0.032;36.0;95.0;0.9888899999999999;3.08;0.64;12.9;7
6.2;0.32;0.5;6.5;0.048;61.0;186.0;0.9948;3.19;0.45;9.6;5
7.1;0.35;0.27;3.1;0.034;28.0;134.0;0.9897;3.26;0.38;13.1;7
6.6;0.42;0.13;12.8;0.044000000000000004;26.0;158.0;0.99772;3.24;0.47;9.0;5
6.9;0.31;0.32;1.6;0.036000000000000004;34.0;114.0;0.9906799999999999;3.19;0.45;11.4;7
7.4;0.24;0.26;1.6;0.057999999999999996;53.0;150.0;0.9936;3.18;0.5;9.9;7
5.8;0.28;0.3;3.9;0.026000000000000002;36.0;105.0;0.9896299999999999;3.26;0.58;12.75;6
8.3;0.2;0.74;4.45;0.044000000000000004;33.0;130.0;0.9924;3.25;0.42;12.2;6
6.5;0.18;0.34;1.6;0.04;43.0;148.0;0.9912;3.32;0.59;11.5;8
7.2;0.21;0.36;15.7;0.045;68.0;183.0;0.9992200000000001;3.25;0.76;9.4;5
6.9;0.37;0.28;13.8;0.031;34.0;137.0;0.9948;3.1;0.37;11.6;6
6.9;0.3;0.21;15.7;0.055999999999999994;49.0;159.0;0.9982700000000001;3.11;0.48;9.0;5
7.4;0.39;0.23;7.0;0.033;29.0;126.0;0.9940000000000001;3.14;0.42;10.5;5
7.7;0.34;0.27;8.8;0.063;39.0;184.0;0.9969;3.09;0.63;9.2;6
7.5;0.17;0.44;11.3;0.046;65.0;146.0;0.997;3.17;0.45;10.0;6
6.1;0.24;0.27;9.8;0.062;33.0;152.0;0.9966;3.31;0.47;9.5;6
8.3;0.21;0.58;17.1;0.049;62.0;213.0;1.0006;3.01;0.51;9.3;6
5.1;0.35;0.26;6.8;0.034;36.0;120.0;0.9918799999999999;3.38;0.4;11.5;6
6.6;0.23;0.27;5.6;0.043;43.0;164.0;0.9953;3.27;0.76;9.5;5
7.1;0.21;0.35;2.5;0.04;41.0;186.0;0.9912799999999999;3.32;0.56;12.5;6
7.3;0.19;0.49;15.55;0.057999999999999996;50.0;134.0;0.9998;3.42;0.36;9.1;7
7.7;0.25;0.3;7.8;0.038;67.0;196.0;0.99555;3.1;0.5;10.1;5
5.9;0.26;0.25;12.5;0.034;38.0;152.0;0.9977;3.33;0.43;9.4;5
6.5;0.315;0.2;6.6;0.040999999999999995;9.0;126.0;0.9949399999999999;2.94;0.51;8.8;5
6.5;0.21;0.28;1.4;0.046;26.0;66.0;0.9919899999999999;3.43;0.48;11.1;6
8.0;0.33;0.35;10.0;0.035;22.0;108.0;0.9945700000000001;3.12;0.36;11.6;6
6.0;0.31;0.32;7.4;0.175;47.0;159.0;0.9952;3.19;0.5;9.4;6
7.3;0.28;0.35;1.6;0.054000000000000006;31.0;148.0;0.9917799999999999;3.18;0.47;10.7;5
4.4;0.54;0.09;5.1;0.038;52.0;97.0;0.9902200000000001;3.41;0.4;12.2;7
6.5;0.51;0.25;1.7;0.048;39.0;177.0;0.9921200000000001;3.28;0.57;10.6;5
5.7;0.45;0.42;1.1;0.051;61.0;197.0;0.9932;3.02;0.4;9.0;5
7.3;0.155;0.49;1.3;0.039;34.0;136.0;0.9926;3.14;0.77;10.5;6
6.8;0.3;0.23;4.6;0.061;50.5;238.5;0.9958;3.32;0.6;9.5;5
7.2;0.24;0.36;2.0;0.028999999999999998;21.0;63.0;0.9907600000000001;3.13;0.63;12.5;6
